leagueId,queueType,tier,rank,summonerId,summonerName,leaguePoints,wins,losses,veteran,inactive,freshBlood,hotStreak,page
54a9e94e-e8b0-45ab-9699-08c3b73b4ef8,RANKED_SOLO_5x5,DIAMOND,I,j4s95ElWE-5Ho6tiBfCEbRVX4Qf0g-y68x4Vr3DX4KPzXhlB,minionfeetlover,11,33,41,False,False,False,False,1
50550c53-e4b4-4cb0-acef-4b1fac0cc3f0,RANKED_SOLO_5x5,DIAMOND,I,IoBEXtUuDEc86TJR9tQX5iZdBwHt98qQi0LwDwLoGVwFuTUy,ChefBozo,75,20,11,False,False,False,False,1
ffb951e3-9d5c-41d7-87d4-658f1c4f29f8,RANKED_SOLO_5x5,DIAMOND,I,QpTjDDVov5nfztDERkvkUOx8VgjZGZ_H6KoA-15XuT3TMEXd,kari6,75,75,77,False,False,False,False,1
6b7dfa74-7ecf-4708-90cd-d508ebe15808,RANKED_SOLO_5x5,DIAMOND,I,X-uJezI3s8eqct4ksKpER-8R-IoW06X8kck9WNdrJ3WN1Hkv,YheChen,52,62,62,False,False,False,True,1
54a9e94e-e8b0-45ab-9699-08c3b73b4ef8,RANKED_SOLO_5x5,DIAMOND,I,Le7oML7d1g9aTHkpB_-3DXsNoog2iaU-UYTPi9BsYdW5zFo-,Nuja,44,52,39,False,False,False,False,1
e152fad7-64ad-4eb8-b4da-40a4bbc52df6,RANKED_SOLO_5x5,DIAMOND,I,PaWFlj-u1-zkM4dx6hoamcHu5vEmx5nrcADjw8EVTb0h5Vpi,Týph,11,63,53,False,False,False,True,1
c76c2937-c335-4d03-ae4c-1a9cb1474371,RANKED_SOLO_5x5,DIAMOND,I,gGR-zzLxCiQrSLbYhnokFW5O7Bci2MIBAydq4YLw4x70mA8E,nakyum,0,176,167,False,False,False,False,1
a2b8bdf9-d147-44e0-84e6-4be7287edf3f,RANKED_SOLO_5x5,DIAMOND,I,wRjorqWy7xIGdFntkzRRq1ZamVDiMgJINuE-S9p42aTiuIWK,overpilt,75,251,230,False,False,True,False,1
aeced61f-d7cb-4c7b-8c07-cc94e9752032,RANKED_SOLO_5x5,DIAMOND,I,QVESYXrm4ohUhSGV70ZFkG_lZXzPUu_E2324nZXmz4tqu3ZP,ZE GOD,0,65,56,False,False,False,False,1
3e5f7fec-13e4-4af7-a373-bfe5f2994a7f,RANKED_SOLO_5x5,DIAMOND,I,DZ68jaaByImB5JoQz8Sh9RE5tXmhqgxV4JE8TnZvcfgclUmk,Circlet,75,76,64,False,False,False,False,1
30d10b03-56da-474c-9226-bb3cff6b414f,RANKED_SOLO_5x5,DIAMOND,I,B3GUkN62tTgWi3e3sEtybpia7GV7Acw6LIZZFIftaYIpREwl,BigOssy,75,29,17,False,False,False,False,1
f0e66bd7-ca0e-4dba-9511-184f2965b878,RANKED_SOLO_5x5,DIAMOND,I,JQRcicWAtRxo5i-45crAuMImkZkBbmTMfmyoZDSfqFA8IQCq,FC Arcana,26,121,116,False,False,True,True,1
f1ee9741-d3a3-47bb-bb4e-10964a648831,RANKED_SOLO_5x5,DIAMOND,I,evVobJ_LhO2Dgsv97swdoyk6EYrxhq6GX06G--CE-mKxy_Fh,nagusame,65,36,34,False,False,False,False,1
498ff318-e456-4baf-86d8-13869617be06,RANKED_SOLO_5x5,DIAMOND,I,-Kp47Ck7d-NYRvNekiHo_4tq0xGvI28E7sD44_Cqw40-a9H3,TOO7A,75,24,13,False,False,False,False,1
6dd48fa4-567c-4144-899e-dadef69401f1,RANKED_SOLO_5x5,DIAMOND,I,_cyDlzgNplgygsz4I0mTrXdsrrSUItAY1b29IpeGVAUb7X7d,mreeoww,36,36,26,False,False,False,False,1
fccb17d3-26ed-4bab-b64a-6dc2d370aa9b,RANKED_SOLO_5x5,DIAMOND,I,1eFpD0bWrB5uPK33xlKIZ2VTYsJRLpFJ0Fm78Y-x95yaqmzF,Prince Pyke,75,54,47,False,False,False,False,1
91ab39c3-d311-4ea1-9dd6-4a7c4d68e81e,RANKED_SOLO_5x5,DIAMOND,I,oF_tuQbzdaiGrM2lOy0ybGwYGwqYVpJoHG9a-BXFD0lkWid6,YY Kaneshiro,65,135,122,False,False,True,False,1
36b57655-387a-4ab6-b4d2-1152765d4f44,RANKED_SOLO_5x5,DIAMOND,I,3YnDxcjys7whUD3NtsLumOK6cOkKA7jTsxlQFgwtP_cKmQJ-,Fresh Iemon,0,29,28,False,False,False,False,1
3cfe501e-0e9a-4ef0-ab8e-9fb632f2d249,RANKED_SOLO_5x5,DIAMOND,I,0dwLZhcEd__HyGQ7pVdQxBL1ulW1Mo86VcTPQr9nQElA0RWO,DukeKismet,27,78,67,False,False,True,False,1
ed5695ac-f53b-466b-b4dc-6b2752fb5f7b,RANKED_SOLO_5x5,DIAMOND,I,-o72svx66vdmUQmyXOG3f_n5UDgjTP0JW6byg_HZO3pUNUdA,IAmTheWeapon,30,100,107,False,False,True,False,1
f9d606be-ea86-4e0e-b07c-5cf02788c0a3,RANKED_SOLO_5x5,DIAMOND,I,1G_5KkBTdexWO1OuSjKj2lsP0u3DT6zCOd4NoJxcqnXtHTOf,hey im codey,29,93,79,False,False,False,False,1
cd71f759-54bc-45a8-8b85-edbc11fef82b,RANKED_SOLO_5x5,DIAMOND,I,rOiyyW-lbb-T6vwvnw6LdMibZjs4frd7RMIBWd1PmmXJyRiG,Vengenesis,37,15,12,False,False,False,False,1
0cbbf15f-11b9-49b0-b32a-fce1d0e44fcd,RANKED_SOLO_5x5,DIAMOND,I,89h9Xgm0NjCinmKjnfm7Hr_NzX2aQJApb_XWTigtSSUDBYWG,Naape,75,183,184,False,False,True,False,1
dd0d9cee-1954-45fd-bf9c-8a1f4ec50147,RANKED_SOLO_5x5,DIAMOND,I,ZQWUT_Yta-HvZbjrAOW5G-4FNuV1C2lkkdMjCvJwjsI,scarra,68,57,42,False,False,False,True,1
683d3966-b680-48a6-869d-2c88612e5304,RANKED_SOLO_5x5,DIAMOND,I,djZFPrTF4Yp8TXbT9PkQ-kKcuLNf4DtG1W93wb7mRusnMkp8,The EarRæper,70,93,97,False,False,False,False,1
ffb951e3-9d5c-41d7-87d4-658f1c4f29f8,RANKED_SOLO_5x5,DIAMOND,I,aeK11fw9wEl-VWRjJZFWo5RboqXHgpzkuf2lFOaROgIEy98g,1v9 each game,31,182,180,False,False,False,False,1
0cbbf15f-11b9-49b0-b32a-fce1d0e44fcd,RANKED_SOLO_5x5,DIAMOND,I,ApLw04JpJPT7PlFb3Pqa3FKYAN3l6BohsDet9syT50RACfLI,Ouipet,98,126,116,False,False,True,False,1
8d009a19-3a0d-4fd2-b8db-2174bff27162,RANKED_SOLO_5x5,DIAMOND,I,kjdKsm4_-jhqkus3VPLNuyGB5GsGd1fDKlleioYI3WJ_Nfug,Asaka Narumi,3,19,12,False,False,False,False,1
f08e0de7-31d7-494e-add2-d46570d95d63,RANKED_SOLO_5x5,DIAMOND,I,rCrmI-Yn5J3FyhlW89y3zKDSSDw0U5s3h20h4t0ZHpQOJWMM,BBOOMMBBOOMM,5,21,19,False,False,True,True,1
047d396a-aa6f-4b77-9632-17a0f52c5418,RANKED_SOLO_5x5,DIAMOND,I,53KzkOW_iolkWoWILBS1lPrURkgilxkzO_oyBszCfD0V0CiF,jumpy rat,46,100,97,False,False,True,False,1
9527ca62-5d81-425f-96e9-7f1281922624,RANKED_SOLO_5x5,DIAMOND,I,2g4fIbUosJG_f-CAdBE5zNN7jonYMNrjJu4jwfP04a49eicA,Baul,50,55,56,False,False,True,False,1
9253a943-7ef2-4749-a40a-f9a3563ed41b,RANKED_SOLO_5x5,DIAMOND,I,cdde44_vSDb9DSWcTb7MBErDLta6kIXFa0VGBZcpxVe9fIKu,YEAROFTHESNITCH,20,47,50,False,False,False,False,1
511dc3ad-306b-4695-9ece-2366d60c3f3f,RANKED_SOLO_5x5,DIAMOND,I,zF0ot6TqBIoHdVU2Crpt4Dj4KMXjfb_uYFM3jZhN7L1Xamx5,xyz333,75,22,12,False,False,False,False,1
bea211e7-9bde-40b5-b097-fdf3dece5144,RANKED_SOLO_5x5,DIAMOND,I,lNm4z8Iae5V0weyw99KjJ1p1TTji8FNsdRv6iJqObKVjE__e,1Kat2Dawg,82,22,12,False,False,False,False,1
cb4f06bd-23cd-46c6-b92c-93edc2203b09,RANKED_SOLO_5x5,DIAMOND,I,kufd4F6_8j1UAmQByiGJg2SlquPDKSkgUYwJd-n_QXHAGp_K,YasSus,5,67,62,False,False,False,False,1
ffb951e3-9d5c-41d7-87d4-658f1c4f29f8,RANKED_SOLO_5x5,DIAMOND,I,BI1r7Hv4OrX4qPw-hUyDjb08JgfB4a_dqkxwZGRcEzaSnGmS,Asyc,26,21,14,False,False,False,False,1
b3424985-0166-413b-9cdd-11a729438681,RANKED_SOLO_5x5,DIAMOND,I,ogyjY5_gKM3w5Yw3UteqxTuRhWkrCMNZvTW6sAI-GIFr3KQ0,Barou Shouei,70,20,14,False,False,False,False,1
fa3b9404-93eb-477d-847c-1a800cb06227,RANKED_SOLO_5x5,DIAMOND,I,h_jm0r9S3-Sus1LsxKkonspIjuo0eR6rIsTMpm9Lydm7Z-zr,Arcane ßlade,4,149,156,False,False,False,False,1
1d4cf31a-f058-45e5-ba42-4572bc6b0271,RANKED_SOLO_5x5,DIAMOND,I,IF7PNmke9TvaJbIwaWpMlt2ImfVRsW5iKbTQI2H03heJkmWq,AdvancedPork,0,33,36,False,False,False,False,1
69586e8b-a4f9-4136-bdd1-28ff207645c7,RANKED_SOLO_5x5,DIAMOND,I,TnuVPHbUfcSPHZto1QVq2LkDKtogIBm4pEK78WNGH7w7oIWi,1989,75,34,26,False,False,False,False,1
e5e7e753-584a-4dd1-b731-ff334963fe15,RANKED_SOLO_5x5,DIAMOND,I,FdM8tVW5KsZanW6agy7VMj3lG1Gy2f8_rRU7wop_JDXI1yZk,bunny pow pow,27,41,50,False,False,False,False,1
6fd382e8-f97d-489c-9111-51f2c835da26,RANKED_SOLO_5x5,DIAMOND,I,uxO4b5D5skES1rIElgJq9797s29mons9lVr2j0ZTn3BwuQmn,Za Za Merchant,28,39,47,False,False,False,False,1
1b40a086-94af-4d75-9cd7-55ebf16cfa67,RANKED_SOLO_5x5,DIAMOND,I,Uqy2ZrnFLEGev7zzOfQiygxXV11OcWS3r708MxkUKzza8mfc,Hemomagi,41,102,120,False,False,True,False,1
f0c0f416-63f9-40f9-ab85-d430312d4188,RANKED_SOLO_5x5,DIAMOND,I,2SpJBQCkKa5dPtQrtv-jhhxAvdJ_dbwA-JA_mWikG4KT4Dud,Da Hai Xing Chen,37,67,70,False,False,False,False,1
e52edcfd-1137-4930-bb19-12a159e9ffa3,RANKED_SOLO_5x5,DIAMOND,I,Z-h_AnWtBXbERqMkIr0D7KX3RTA6s_coTzn6wH2halfKeMI9,Lêaf,26,15,13,False,False,False,False,1
6fd382e8-f97d-489c-9111-51f2c835da26,RANKED_SOLO_5x5,DIAMOND,I,M8M9aBkfjsYF-1XWo2MiX_eU9sXpEgeorkdmPwN7luGtFGw7,Fr0mTheSwamp,75,31,21,False,False,False,False,1
a8bb02ef-c623-4ed4-acc8-30f6081c17e1,RANKED_SOLO_5x5,DIAMOND,I,o58pAaULfA6kWtVm-Tquye1YO8b7fdAxeeNsegvXiDlLDi5-,H3ckt1k,20,67,70,False,False,False,False,1
681a62bd-b4bf-495d-a6f2-6ad86204297b,RANKED_SOLO_5x5,DIAMOND,I,Ln4Nv9HQOtZhzgUQxeDrIf7GUAvPqDtp8wOxnivWFJACsoIe,TChineseBaguette,46,38,21,False,False,False,True,1
171b19f2-c9a5-4e1a-b314-df7c3716103b,RANKED_SOLO_5x5,DIAMOND,I,abMs_odBfAorcHvXZjWolFubrY5q2ox5VfD5b060w5z5tZWR,hesitates,75,96,54,False,False,False,False,1
53e33cac-53d3-44ba-804f-5509872eb27c,RANKED_SOLO_5x5,DIAMOND,I,h02Z2kLj6BBwfgaRKhgdYd9maNNcGq3MpEtQSrtRG08KVz1S,George Dookie,75,159,152,False,False,False,False,1
3e5f7fec-13e4-4af7-a373-bfe5f2994a7f,RANKED_SOLO_5x5,DIAMOND,I,dnObI1IlDPV8di8WF-M1nuz14DCgFW9EOGhdNL0uoE5e5K8W,Dreamboi,75,58,49,False,False,False,False,1
a8bb02ef-c623-4ed4-acc8-30f6081c17e1,RANKED_SOLO_5x5,DIAMOND,I,9omE_y_XgA_2wP1bwLwyaAGMPxcMNrcSUZGt5YtLL0SOlIuX,Tobias Rieper,75,39,41,False,False,True,False,1
eb533dfe-dc27-4961-8082-94d40c7794aa,RANKED_SOLO_5x5,DIAMOND,I,WDvfG1ypAEXQ8FLTR1JPxS-5UfXdEQuUDqn7xgdKxuC95DXU,michaelcycle00,28,39,34,False,False,True,False,1
2e077ec1-187e-4d09-ac07-66a0becebb8a,RANKED_SOLO_5x5,DIAMOND,I,2RWmy3xmm1UInVqoYwyHPFK792RBHek5lGGtnUlJrBXV0tEU,nooneknows14,75,44,37,False,False,False,False,1
d23ddeeb-2442-4faf-ac12-380a5b889373,RANKED_SOLO_5x5,DIAMOND,I,aeDKSD87BlGsbzUdP8HUQKFpRmMqIY7Xpfoah9cp40Sk8Eig,Meoi,66,13,10,False,False,False,True,1
4f6d99fa-0106-46fb-a815-325518933e8a,RANKED_SOLO_5x5,DIAMOND,I,B2xWyNFbJiobhFQkpkqYMqMgMY-AG-8QvMLcPRrTSw6c_5lC,Consolo,65,56,56,False,False,False,False,1
4bc7e31c-3368-4e94-b210-5cbc2f633251,RANKED_SOLO_5x5,DIAMOND,I,p67BwFbZjAiR4DssMAMyIigtBwyAftn-g_QLD15cNiINBQER,Emo Renekton,0,20,18,False,False,False,False,1
79f23cf8-e7e5-4308-af7d-e672dfb60d5f,RANKED_SOLO_5x5,DIAMOND,I,CbPQSnvWD5rkd4ACVvDkBZRRR1ncqCEzuanGIzD2cn8ZhgHx,Owlbuddy,35,195,189,False,False,False,False,1
8dada16c-1eb4-4206-8587-7c32436096c5,RANKED_SOLO_5x5,DIAMOND,I,Kl9JjcKdTq3O5LCZKA9PrcpScc3jnCtLUfe6-hLOlLaXlBxW,SaysSomething,1,89,89,False,False,False,True,1
4ea37f43-59d5-44f3-b158-12d4aa2d6d09,RANKED_SOLO_5x5,DIAMOND,I,fnH3TZo9tA-cfUdrtGwiIey2ooyiyQtAGMME9DGXSATm4kgm,charucharu,75,22,18,False,False,False,False,1
a176b4e4-fe9f-456d-b34f-ba008fbf1bdd,RANKED_SOLO_5x5,DIAMOND,I,hKWUWTf6xPqxlegve3bcVOMR48QY7opd-pEWe6ubfD2-dCtL,Big Slick,73,57,63,False,False,True,False,1
6c4e827b-9304-433a-b1d5-6a9816e9461a,RANKED_SOLO_5x5,DIAMOND,I,bEUxo94llbX0LxoPNmW7RsEc6ZR4OH1qGQQUCPx0MqBK-pIV,ur a big cutie,29,87,90,False,False,False,False,1
d6d1aa2c-3309-4c84-a3a7-59a3cd03d6b6,RANKED_SOLO_5x5,DIAMOND,I,HDRaECNcAQ3iS_5exiLRS_lHsG16NbftGp1oLeovk5pLYiHz,R0XY MIGURDIA,47,35,17,False,False,False,False,1
caad09a9-70fe-464e-ae27-bb12e587ed8f,RANKED_SOLO_5x5,DIAMOND,I,zK62dePeMUjdl5Vr-UCyvNrkCHpl6_tMIPirFvuaVW2dmsih,COCONUTSTRAW69,75,67,65,False,False,False,False,1
5598cdf1-f00d-40c5-8106-032f44bbbfcd,RANKED_SOLO_5x5,DIAMOND,I,Hbw88sk-60grFcnzjmlVG-SWdGHu-373q_A26LVPRwP6Fh7Q,Li dong liang,75,69,73,False,False,False,False,1
850e3362-1131-476b-a82b-6bbc239b1aad,RANKED_SOLO_5x5,DIAMOND,I,F_SawO8-59jMTEq5s49RXwfnyFGxmV-1Fx3FZRb4fWR_YbNY,axl XD,27,20,6,False,False,False,True,1
e3ec7ae4-1bd5-4ad9-8c99-3d2e8e7e73da,RANKED_SOLO_5x5,DIAMOND,I,GfC_VlKSYnzjiSRvXDcTEC6pJSw0K3lgtgWXIawZ7G5MMOcn,ImplatniumL,99,62,39,False,False,False,False,1
36b57655-387a-4ab6-b4d2-1152765d4f44,RANKED_SOLO_5x5,DIAMOND,I,h9UQFkC5w9Mg2C3-zJlxEtmbvUOLI94bYAvVlObigGN_xZge,Andr0meda5,25,30,29,False,False,False,False,1
4bc7e31c-3368-4e94-b210-5cbc2f633251,RANKED_SOLO_5x5,DIAMOND,I,L2ioq-H3KS8Jn3O4Uqp9q5YlU1iAbCZI-K_1cnTBkxSk5DlW,DukeTed,0,54,65,False,False,False,False,1
d534303d-25df-446f-b584-b0f219713c8d,RANKED_SOLO_5x5,DIAMOND,I,AOWwOUyvGD7a2bqZoXalM6ruxkAThj4kazR9Xr9jKkbt_zsc,Mascot QaQ,34,32,29,False,False,False,True,1
e573b1df-0300-45cd-931e-d86b33bc33ef,RANKED_SOLO_5x5,DIAMOND,I,F9tz_NsQJFkxG5Mwvjj1ON52p8gOahihX1od78g4R1voTw4z,King L10,20,136,143,False,False,False,False,1
3a44ae7d-b602-4702-b8df-e38b2d139cd6,RANKED_SOLO_5x5,DIAMOND,I,zzoDtrPIV2z2-zfPpg8GcpkEBujFNxY5foALnZQxzCvOb9ZA,visYove,75,37,40,False,False,True,False,1
52bd0472-ecf9-438d-9086-353cd8f76ace,RANKED_SOLO_5x5,DIAMOND,I,C2nqfRyalII9lM3hf-68xxGKAnMKD1j1pgeO7cyG3VM,K3 X1,32,83,82,False,False,True,False,1
c03edcda-8daf-4f51-bf97-ca79ac4e1500,RANKED_SOLO_5x5,DIAMOND,I,557Kx4gG0kg-Syj0IDgUfFvrqs9NfoJWPi1skNUKr2yIaLB3,Braindless,75,105,93,False,False,True,False,1
30d10b03-56da-474c-9226-bb3cff6b414f,RANKED_SOLO_5x5,DIAMOND,I,dEYH_nuncHLCTHolTKk_gf-WP96VvqRHQysw__gGEt5zhw8w,Juke Jouster,97,73,66,False,False,False,False,1
4e9c335a-e775-42d5-8579-f99512352881,RANKED_SOLO_5x5,DIAMOND,I,Nnk05goyC0aDtItQepZd3wcHBTOiWUjDIfUCV46EaIhsDlCZ,RawwR,23,48,48,False,False,False,True,1
82ac1bf2-6a66-467f-8da8-ff353d45aabc,RANKED_SOLO_5x5,DIAMOND,I,tobrJn-AHm2Tb0p2NWVHurfc_ZADtvt_nw7-FK7r4WIm2yh1,4XD233,22,47,37,False,False,False,False,1
8eacfaa8-d3e9-4df1-822e-5d16dcdcca17,RANKED_SOLO_5x5,DIAMOND,I,e5q2Adp2Ta8Urb9iya1OtZCTOuKIdxA0rzJnvMCyE6I1JPj6,Iuccian,27,80,84,False,False,True,False,1
de3b53b2-1257-45a1-9eec-310ddba27cff,RANKED_SOLO_5x5,DIAMOND,I,kPmE2jD-T2Ea9WVDG7zy5v0Yl3yHFNh-SsSuA4UGc116BpQF,Faelwen,12,157,165,False,False,True,False,1
30d10b03-56da-474c-9226-bb3cff6b414f,RANKED_SOLO_5x5,DIAMOND,I,u2eRi0za3mZjk6jjdUBMIdfo8r6yiOWm-EdCOySFpYKijzcq,kayn99,54,24,20,False,False,False,False,1
8b85321d-65c2-4126-ae61-ccad45d87ec0,RANKED_SOLO_5x5,DIAMOND,I,bqURYK6zC0SK946KIhL_p63Wxc7ocpxQ1dLXab3UlBJzHPaB,HappyAsianBanana,48,122,85,False,False,True,False,1
e5adff17-5c06-412e-8f58-9ef144ece819,RANKED_SOLO_5x5,DIAMOND,I,hwMs7x42ND4NZu_88rlCPxSKM2csXfrbEymbCZLmxpTxyttk,Umenzorzeavie,30,107,89,False,False,True,False,1
faf8c8f3-4bc0-43cc-92fa-9b09575591de,RANKED_SOLO_5x5,DIAMOND,I,CEj4mCAPg4L7LFuTzIpdb50TctJm01zNTDVRAx7MK4wkmDp0,im oom,51,84,79,False,False,False,False,1
33f9e255-cdd5-4b38-9875-b0909dd7cfbe,RANKED_SOLO_5x5,DIAMOND,I,r7ia6Cu9H2Tu1e9jb3BmFTAnz91RwlkTNZNIUnE_zHuSu7-L,Top Gap exe,93,85,82,False,False,False,True,1
101dc037-ff99-43b5-9b3d-50b42788aac2,RANKED_SOLO_5x5,DIAMOND,I,N3KH2jrZ0KxX5jLIPktNXkkO0Ax4MzFjmyVdQZUOfteCtzbW,Traker,75,123,84,False,False,False,False,1
3e5f7fec-13e4-4af7-a373-bfe5f2994a7f,RANKED_SOLO_5x5,DIAMOND,I,J0dqJsk9i8nNYdWtZawRrsjEuZZCFdg1sIZ_JyizFztS2C09,CptnRain,4,24,29,False,False,False,False,1
eb533dfe-dc27-4961-8082-94d40c7794aa,RANKED_SOLO_5x5,DIAMOND,I,XRj2Hg-UzRtTStUG-JJLIW9WDfgrbequwYL3QkkMoRNzYSg4,Emilio Varela,56,130,143,False,False,True,False,1
8dcf504d-f186-412a-941c-4e5def6702f6,RANKED_SOLO_5x5,DIAMOND,I,t0YlwkOR3zjeM73--TC56oeosAxQU7iNVaJT7kcMsRG2q0cT,T1 Iso,75,40,48,False,False,True,False,1
8516bf78-9b3e-48ed-a632-1279245081ec,RANKED_SOLO_5x5,DIAMOND,I,fKtTTBKXdKirHxJrXy9_VdUyUgn4GIYS3PHvWDdBXk7-WdUS,IlIIIllIlllIl,0,64,79,False,False,True,False,1
f9d606be-ea86-4e0e-b07c-5cf02788c0a3,RANKED_SOLO_5x5,DIAMOND,I,p3lBFtOQryPvRYtscajnZBdF_HgU8GEFWGMDyqRooEnDO3Gs,lnvent,0,10,6,False,False,True,False,1
047d396a-aa6f-4b77-9632-17a0f52c5418,RANKED_SOLO_5x5,DIAMOND,I,5fcAnHMwWV2tSBbDQYKJqUom0wQ9v9TWblmLYJBkQrb1BN0U,gerald1,71,61,76,False,False,False,False,1
6c4e827b-9304-433a-b1d5-6a9816e9461a,RANKED_SOLO_5x5,DIAMOND,I,g5qKoKz87HMQyFKm6C15U6NDSaLmeBqgApj0y9odfL273XaN,King Buggy Clown,0,40,45,False,False,False,False,1
a2ee87e6-9f59-405e-901b-f44a2fbe2229,RANKED_SOLO_5x5,DIAMOND,I,A0XSRqpWiElV35LD58wSQqaxDiCNcOjeQU18PCecptWAJUoa,MAKEOUTHILL969,25,92,87,False,False,False,False,1
f11ec30c-8ded-41bd-9c1f-95baf79a91e8,RANKED_SOLO_5x5,DIAMOND,I,gjtoEAdepkU-FwpCDIyJw4X0mx_0CFeCz5lI0hhHmWOClnS0,STB PlumberJoe,51,32,34,False,False,True,False,1
4cb6610c-cb3a-45f4-8972-f10061f3dfc1,RANKED_SOLO_5x5,DIAMOND,I,3E-vy3KP-8bK0Je61vSjsNFkCRD6HYkC9ch19aM7LMfO0xeq,farm,75,20,13,False,False,False,False,1
e5e7e753-584a-4dd1-b731-ff334963fe15,RANKED_SOLO_5x5,DIAMOND,I,b7C8_MxNvsNPYfVNv2JJmTzCZ1lf2f4Xsz3WhqBLjO1QkX82,FrostyLeDragon,46,25,25,False,False,False,False,1
caad09a9-70fe-464e-ae27-bb12e587ed8f,RANKED_SOLO_5x5,DIAMOND,I,MdYSbpVVcG6uo1mR-AeTUVh9InDYhIQx08L-g6-kUXi4gg8c,Young Yi,24,31,33,False,False,False,False,1
4bc7e31c-3368-4e94-b210-5cbc2f633251,RANKED_SOLO_5x5,DIAMOND,I,nGO9ptAID55DlpY0DmTUJhqQ4eFVC8tEGlWtcK7NMKPJTqj1,zzyzz,24,50,40,False,False,False,False,1
17c9c8f9-0de4-4b38-80b7-8520c204a4c0,RANKED_SOLO_5x5,DIAMOND,I,RSHFkIrDUZ1ghmiRuENaJXk_QoPXaBfMAOlO2ExUL5yRHwkV,Jouson,29,30,24,False,False,False,False,1
71a5effe-426e-46f9-80d7-d390272eb5ad,RANKED_SOLO_5x5,DIAMOND,I,wXC6nKJyln60bcQOP-6QOkuc-QFBCEy52rCOxNK9LbDzWCau,sNiCkYKILL3R,75,72,62,False,False,False,True,1
1c53dd42-23ec-4ad0-a7b5-06405ead1c27,RANKED_SOLO_5x5,DIAMOND,I,58Y8cIe1pN_HBJ5VeY7j-5w7zM_xRkRW9JJHSwbJ_xp85FRJ,forsenn,0,96,94,False,False,True,False,1
1b40a086-94af-4d75-9cd7-55ebf16cfa67,RANKED_SOLO_5x5,DIAMOND,I,C74t40QtfT1JdAaJCmoRWS8ZVp5hytb90D--LT1u3LRKwPK6,CR FlyingTuna,23,53,44,False,False,False,False,1
98c00eab-8247-468c-80c4-8deb2b450737,RANKED_SOLO_5x5,DIAMOND,I,W-4s-n2QnjgY2FI75P7z0hbcwGftoZ6p4y1hSJiUvqrECPvW,Inumerable,75,86,91,False,False,True,False,1
8427a4a1-f438-4d5b-8045-d3275413eec8,RANKED_SOLO_5x5,DIAMOND,I,Uhw0ik9rsSfVM5gU0ipQHykWLnZrrjjEIlg9Dms1LAtt9YqL,Leo Good Boy,13,127,144,False,False,False,False,1
8dada16c-1eb4-4206-8587-7c32436096c5,RANKED_SOLO_5x5,DIAMOND,I,pgGpB4mNEu9oMT3X-sDWmN6g1gPfJ_No_iA3n9DBahjPqM4y,fairy queen,45,36,39,False,False,False,False,1
550c61a5-b7a3-45ac-9752-7ce9458802cc,RANKED_SOLO_5x5,DIAMOND,I,2BhjC_jPpWRzvCOXmmeOb7by84XhiY2LSe9qgIOd2jPmM3oH,valentka,75,81,86,False,False,False,False,1
0bd2dcbf-af5d-49c2-95ee-019f880af4d7,RANKED_SOLO_5x5,DIAMOND,I,kgG0z1rJHhp8xqFDq5Z5d4zYZJmHvzG5CQ871toK2AGLcrRw,Hanguk,49,26,17,False,False,False,False,1
bb6a2f7d-aef6-4cc0-b4c9-a13a9cc1269c,RANKED_SOLO_5x5,DIAMOND,I,23K9ve-kMPK_7RLnxr15N3GmXpGLKdJ1GcPbiNLsTzoADKFp,Greekfreaak,0,87,78,False,False,False,False,1
8708094c-897a-4e9e-a04f-ae4a240567db,RANKED_SOLO_5x5,DIAMOND,I,OT2StKE2gB79-J2DdtbxQ8F80xVUXvVM2vMrVUwoCUoKba7r,Peach Öolong,21,61,64,False,False,True,False,1
6fd382e8-f97d-489c-9111-51f2c835da26,RANKED_SOLO_5x5,DIAMOND,I,QUYqOhHOYchhdJfEdg-FfRwIj_amFOB4OUklWfQY8jt9qJGX,ClappanoiaBaby,0,17,12,False,False,False,False,1
101dc037-ff99-43b5-9b3d-50b42788aac2,RANKED_SOLO_5x5,DIAMOND,I,iFP42dgTmXUcjRuqV25Jn7OtL3aCv23IFG5dUKM1VTAG6qqr,Florens,58,49,56,False,False,False,False,1
f0b20be9-c6c7-4f2d-9eea-cb87f9f60eb8,RANKED_SOLO_5x5,DIAMOND,I,QTtnxPhFAr8I-Y9KgB80jwWfskARucwB78fkTeKyG2_hpfdH,Really Chiggas,7,48,42,False,False,False,True,1
90fb43ad-e43e-4644-b98c-cdae42c78126,RANKED_SOLO_5x5,DIAMOND,I,oh6oTVzoSYjx47paUcdajK6Sko7K27hXNHDR6Kd3IYbvnq4e,TaxEvader33,4,26,27,False,False,False,False,1
fccb17d3-26ed-4bab-b64a-6dc2d370aa9b,RANKED_SOLO_5x5,DIAMOND,I,3L-R8XYxLniWaQZ4-xPOt-tX6tcFwWAlHjq6UxEkebqXnL7w,Molybdenum,99,59,55,False,False,False,False,1
e360d308-0f22-4dc4-8031-0597c96ea913,RANKED_SOLO_5x5,DIAMOND,I,XaWpgqSWC0xCFuGVenITYJm1zW9jk-aOQsWwLWIv2Qt-h88c,Excrazë,31,31,26,False,False,False,False,1
065ac9f0-47da-44c3-8e8f-e565ab63eaa3,RANKED_SOLO_5x5,DIAMOND,I,YzOVqzTqUiwDHuav8paOCY04mYZI2iNZ1bd_Wz-blS7g-PRg,LUKAS TIMMOTHY,34,78,68,False,False,False,True,1
4bde2136-0148-4c28-a6df-89cd92254a12,RANKED_SOLO_5x5,DIAMOND,I,YX_88U-czcKN1RlvtTOxMp7PqphBLuQSI6G2l-cK66nTe236,pat me,1,66,65,False,False,False,False,1
f12053e2-e023-4b05-a13a-854e6c0b2112,RANKED_SOLO_5x5,DIAMOND,I,oLm4phTIuEAJ5mX9QVLmxjqXUST3NYlq4xkC8qdL6Yk7saFM,rouletteQAQ,26,36,34,False,False,False,False,1
6d098706-dda9-4497-9f22-c4637b1f84d3,RANKED_SOLO_5x5,DIAMOND,I,Wh1JvQOkyxy4rwUW5bMOnvXP0pkth__M5TTzssyZM-mzcPz-,RLAero,75,34,26,False,False,False,True,1
15df4ad1-8394-4506-bf30-d867efdc5dbe,RANKED_SOLO_5x5,DIAMOND,I,_UzIvH6q-HH4ueZtRJO0lkzAVceUK9aknfyQUJM5_tVSKBSo,ApooKing,55,169,170,False,False,False,False,1
c463262c-529d-4339-89e7-b3184f5d8207,RANKED_SOLO_5x5,DIAMOND,I,pJJacOqkC_9hDvc6FzxbLEKzeGyDLVE9PSTKp-TiNUXMvKHJ,Blue Label,50,53,56,False,False,False,False,1
1a39eac4-e119-4519-b33f-933f602d1472,RANKED_SOLO_5x5,DIAMOND,I,q-jzSGipENYAJZIhhqRji5N-Yw_mHe48q6XUO3wk0G0MrOyO,Fudgez,3,32,33,False,False,False,True,1
f9d606be-ea86-4e0e-b07c-5cf02788c0a3,RANKED_SOLO_5x5,DIAMOND,I,COrrUi57CobNgZkmeo-j_Bcg2G69SYAvPEhpFq4w9ooraXKc,im jungIe,23,30,27,False,False,False,False,1
3a44ae7d-b602-4702-b8df-e38b2d139cd6,RANKED_SOLO_5x5,DIAMOND,I,tfeR_IGZDWCO-aeKWXMT_BnG5_FtLNek03UrSDT4mbL8svuK,I R,26,36,38,False,False,False,False,1
d777cf52-ba54-4ced-92c3-ad0004d4cf51,RANKED_SOLO_5x5,DIAMOND,I,-38oNVlQ2eDwAlN8NRSaSb5Um6crK0Zve4-YDlQlM3MZuxHt,ziyaoz,75,31,22,False,False,False,False,1
ac4fb79c-1bc7-4d0c-9109-16d65c6160c2,RANKED_SOLO_5x5,DIAMOND,I,kcwHINbjg19m2YjvDMy7HgIbHOH7_JDMgsKdjWZfamPPZr2K,NYU Affectionate,50,185,175,False,False,False,True,1
e5adff17-5c06-412e-8f58-9ef144ece819,RANKED_SOLO_5x5,DIAMOND,I,EcFQuJl8_OrkS3Ulgd3jO_DvV1E-edQ3URc0-nMBP3zyXEfr,Blindeyy,25,216,213,False,False,True,False,1
b88a0678-c485-4820-b6e3-41ff0c98c661,RANKED_SOLO_5x5,DIAMOND,I,C9d9COOx0xExvLlWXSlH8cuYjNyfJjeO44B-kZd0MMWTrU7C,ReginauTsD,24,38,37,False,False,False,False,1
0002f6f3-bb4f-4ad6-837f-3b525a80004a,RANKED_SOLO_5x5,DIAMOND,I,guZlXTgsMDlnFAGEgvh8B21vBrg2T3VlgmDl5d2SE1ECqZjM,xueli ovo,99,21,23,False,False,False,False,1
d23ddeeb-2442-4faf-ac12-380a5b889373,RANKED_SOLO_5x5,DIAMOND,I,iS-4u9vi9oocYMYePuFhLNQbKghOFDVyksStLw35lIC737qr,Playboi 2w4vy,33,30,13,False,False,False,False,1
5598cdf1-f00d-40c5-8106-032f44bbbfcd,RANKED_SOLO_5x5,DIAMOND,I,t3U9WN2OC4c95tJmEXLXLX4sk0fyQOcCfsmEanW8rsByWBlv,numberrenduonu,1,120,83,False,False,False,True,1
42b130fb-80c6-4293-8531-d1ec42ab5f39,RANKED_SOLO_5x5,DIAMOND,I,-T9AZkrf2hD6JrgbPaBaBJw36pX4omKeSA0aPahBM909Oo4Y,Hive Prince,75,47,28,False,False,False,True,1
d5b38070-cbfa-4bff-a071-f9073d5359cc,RANKED_SOLO_5x5,DIAMOND,I,6MkFIosNM2dWZq_F6dYPVOVl6Ho95eLr6miqsVZz5vodavA6,U ARE ALL TRASH,48,22,22,False,False,False,False,1
1cc5e9e1-6fb4-43ad-a8fc-78f6f4765002,RANKED_SOLO_5x5,DIAMOND,I,ewhtpXGdj4ZXFhF_941NpW536rCXgZ-uZoG7u0Wwr9OqRiq2,Hayakawa Aki,0,11,8,False,False,False,False,1
4bc7e31c-3368-4e94-b210-5cbc2f633251,RANKED_SOLO_5x5,DIAMOND,I,Sa--v6aHAJxyv7FFwkUXGlupZMnS6tE928pJj4aN5M0nMDnG,1997 Fear Of God,51,52,34,False,False,False,False,1
1c53dd42-23ec-4ad0-a7b5-06405ead1c27,RANKED_SOLO_5x5,DIAMOND,I,sLFs70Z_-KyBVIC1_JhVBOVtdk3T5iGIZQkj3pQj0VvlmnKS,Mookakakaka,70,112,113,False,False,True,False,1
15df4ad1-8394-4506-bf30-d867efdc5dbe,RANKED_SOLO_5x5,DIAMOND,I,5BV5k--cCaQVvqbGqWfCKnzbh0rstQHj-ER5i7OjtGWTvkTn,bluelinkthe8,27,42,50,False,False,False,False,1
2d04b388-9f9d-47b6-9276-a93b23da6077,RANKED_SOLO_5x5,DIAMOND,I,1CbF9m5gwn289rjgTcTTt7L_8dbKBJJv-lc-fR4VV7IBT3ca,qad,25,24,18,False,False,False,False,1
9e7cecfa-ab5b-4664-90a5-7b0a497ce055,RANKED_SOLO_5x5,DIAMOND,I,-brB6MZEkeW3jAcbY1vq_0AqAUrBZZv4lwE8NDTjpvTUKy7j,elegant princess,75,28,18,False,False,False,False,1
4f6d99fa-0106-46fb-a815-325518933e8a,RANKED_SOLO_5x5,DIAMOND,I,nQ2oypOaMbxtaRHMVkBxmy1SiODFPj2-Ns1OotYdvuov79Ba,ClementvZ,75,47,27,False,False,False,False,1
44ce8bf9-a03d-4b89-846b-e05c0609d3b6,RANKED_SOLO_5x5,DIAMOND,I,x4iFEXgtHZSTA58okbSPQ9G2oLFMvFLpFd5jW9YCrZA9WgIh,Killed By Time,48,35,19,False,False,False,False,1
42db989b-041b-4772-8a6d-868ec0edb31a,RANKED_SOLO_5x5,DIAMOND,I,pmvTLPK86Ou9x4FChGsKThR-vX3zrNsfi7U6qsKNX8BmwZgs,Better Top,75,25,22,False,False,False,False,1
7c1aca31-20d2-489f-b8d0-1e181b0dfbbb,RANKED_SOLO_5x5,DIAMOND,I,c4Vd2qskJLxX0a6hdpPE5r2vhbxM4G9dKXs2ROaG_6SkuG6E,Hofstee,15,98,76,False,False,True,False,1
30d10b03-56da-474c-9226-bb3cff6b414f,RANKED_SOLO_5x5,DIAMOND,I,jIFWVz52_Zq7-lwTzNmZaEfahZyrc_YoSyjUjsYdXvRv8_5W,MatchaBooger99,75,82,89,False,False,False,False,1
58588ed9-006d-4924-a162-10b44b814577,RANKED_SOLO_5x5,DIAMOND,I,r2vQdCGX0yT0D5vTYma5EtR2pi3toKuEBmlSWkvN2pbciZmO,MikeHct,75,39,38,False,False,False,False,1
256381ef-f854-4fd1-ab2b-70c0a5b52cd1,RANKED_SOLO_5x5,DIAMOND,I,xu-iIBErsfedbVqlwF_SShlPyUkmUMjnTNlTh2h7ZSRXGKcB,Sunstep,75,38,30,False,False,False,False,1
a358ade9-ae61-4824-a41e-42839e9e572e,RANKED_SOLO_5x5,DIAMOND,I,6DTSnfaxCRTDbEedtEGn4LqgBgw8I25l35aLt5aSBXxkYBaS,Alakay9,0,73,61,False,False,False,False,1
256381ef-f854-4fd1-ab2b-70c0a5b52cd1,RANKED_SOLO_5x5,DIAMOND,I,kGNPawvS7tvhmdk1zLf-xK7GSyRE9UhLgvtm3VdrOg1j0b1L,Cesaroxx,75,35,25,False,False,False,True,1
e423c413-78e2-45d3-a4f8-2437c3ce2cd4,RANKED_SOLO_5x5,DIAMOND,I,ZVay8rEckBpadVSFCfrzt-7YIzHrrjTITRLErfCeXe4lQ7Wq,Xodya,36,33,27,False,False,False,False,1
b11b2b2b-0133-468a-866c-af17715459d3,RANKED_SOLO_5x5,DIAMOND,I,mVEGwpRA5GNSm3xcmaFyUIQ92cxSXTM7pE3FPsjnuG_MqeJi,Junkoo,38,103,103,False,False,False,False,1
e404959c-d0e7-4043-b7d9-4daa17e8eb3f,RANKED_SOLO_5x5,DIAMOND,I,259KrBk8HmwWfCYTJZ3jHiwePw05G31R5vG9WeVFvaj08dOv,Cryonics,75,14,5,False,False,False,True,1
4cb6610c-cb3a-45f4-8972-f10061f3dfc1,RANKED_SOLO_5x5,DIAMOND,I,TT79eABf7y7FJAvNwwuKD_dc6E-L7mZJuy5l5TlgWezlPUKG,TheDankTank,0,17,18,False,False,False,False,1
467eb0b5-4bbc-4bca-a52c-5c09fe350e30,RANKED_SOLO_5x5,DIAMOND,I,afwukhVpQAIkUIT_KlufCWUOStDqvcbeddyeoEyMNhO--qvf,Laissés Rivières,75,54,35,False,False,False,False,1
256381ef-f854-4fd1-ab2b-70c0a5b52cd1,RANKED_SOLO_5x5,DIAMOND,I,sdsfuCcjj2G54lWIes9KemyvlchpzgQ_Zh-fg_ZUH4e9euo8,12312412412,75,37,26,False,False,False,False,1
905c8ad0-ead4-4401-a231-eccc8f79fc9f,RANKED_SOLO_5x5,DIAMOND,I,TNzlCRP-PUkoT_c0G7YlXl-IPQJsybQb2Ug3BWSCzLil8Qga,ƒøß,36,55,46,False,False,False,False,1
20c06ae5-1b99-4086-95db-c8d45675a68a,RANKED_SOLO_5x5,DIAMOND,I,13aWX63rJMxd0jTW44WqIarOp88F_75ODAT-skkzbS2BimIa,gReY42,0,24,20,False,False,False,False,1
79f23cf8-e7e5-4308-af7d-e672dfb60d5f,RANKED_SOLO_5x5,DIAMOND,I,TOoVSFMgzHUMjOrMWOL-_3qER-DQaHEWlmqTJ6iyt9NRDREO,Dino Sup,75,14,5,False,False,False,True,1
4ea37f43-59d5-44f3-b158-12d4aa2d6d09,RANKED_SOLO_5x5,DIAMOND,I,TRSVYjJ3HJrm6l6WRXNUPsNhDNmZsysvnMLogL2kAFLpUz_l,shawty W blades,16,70,53,False,False,False,True,1
91252416-d788-44b0-9d85-75960d370273,RANKED_SOLO_5x5,DIAMOND,I,ctyh_My4g6v2JKRoKkcuTfw8cmB7-zKBGOrG0FViS5Inws-6,All Mute Always,25,88,93,False,False,True,False,1
4bc7e31c-3368-4e94-b210-5cbc2f633251,RANKED_SOLO_5x5,DIAMOND,I,9LnuhWnvisk8Dhb1uX3FG36CI1AGvgfr-w9ei6GGQze5Tt41,TL Honda APA,75,16,13,False,False,False,False,1
f2d2eb67-28d6-4ce2-8374-a8c0be75f15b,RANKED_SOLO_5x5,DIAMOND,I,TSAdQPKypTQDOvd2JGrg6YMkrGVCdalYWMpxB9D5pjqfvt-F,Rongrui,75,48,50,False,False,False,False,1
73f0ff37-37fa-497b-b1b1-5402dcbbe8f5,RANKED_SOLO_5x5,DIAMOND,I,MxbCkortmHSDEONYwHSOXJN9VVy9RM4p52g4KLoDxN2gi3vx,Jaberr,51,33,30,False,False,False,False,1
e432ec36-5eb3-443c-ac6d-fc510e40dea4,RANKED_SOLO_5x5,DIAMOND,I,RjKamFTPwF3x1asim-NuG_eI_tSRN1UtvJ2F0UrBxNCf6n-i,Mòliyu,0,70,67,False,False,False,False,1
f0e66bd7-ca0e-4dba-9511-184f2965b878,RANKED_SOLO_5x5,DIAMOND,I,OEaZi-35D7S7TDwA9J8o9fiL6HOmVYAv0TajqSb0cwQTHzvs,Artificial,55,28,27,False,False,False,True,1
f0b20be9-c6c7-4f2d-9eea-cb87f9f60eb8,RANKED_SOLO_5x5,DIAMOND,I,Bgn7g-m1DpL-w3bURafsW9BPLpL0t2cOpXQIvAeulT8IWh9p,E Girl Duo,5,11,8,False,False,False,False,1
f08e0de7-31d7-494e-add2-d46570d95d63,RANKED_SOLO_5x5,DIAMOND,I,Qk7d5syclURenJB4ugAcxdz65etTt6kjajUB4HfeGlQ6H4Jh,Shubao,22,222,191,False,False,False,False,1
1194c474-dcc9-4aad-a607-5e4836affe26,RANKED_SOLO_5x5,DIAMOND,I,asifbEq3u0SXMw5cRHx9n_1HdEhcrM31WxZwLdb-hD2-Fa6O,chahae,19,59,46,False,False,False,False,1
1a39eac4-e119-4519-b33f-933f602d1472,RANKED_SOLO_5x5,DIAMOND,I,J2eGqpINJqvx9onD6PMWqETd490nnnbGgbMp5m96Sakr4UhV,lxncrize,75,43,43,False,False,False,False,1
7cfdf391-eadd-4cfc-847e-3e77663378a5,RANKED_SOLO_5x5,DIAMOND,I,Z0QukHEylGE3_3-bQCbZE2wDmb2qteElcwSq6fzhrs55Ge9o,ZETEZ,75,95,96,False,False,False,False,1
b81f2ee0-3c4a-4deb-bfe0-d7c3ea74d96e,RANKED_SOLO_5x5,DIAMOND,I,dEgW8M8kBjb2W6E6jceyZ0axnEqG79ltYOtrzlqJT5DqzzEw,Venomous,76,16,12,False,False,False,False,1
589cd0e3-0d4c-4431-aa47-e01847a616b8,RANKED_SOLO_5x5,DIAMOND,I,s0z-fEXM9li3R3mPffcd15pHwjWF2uC3M25YsbIIsOT5xUd6,Obuu,0,26,22,False,False,False,False,1
a2cfe663-471b-4f76-b1fe-f30ce63aeeab,RANKED_SOLO_5x5,DIAMOND,I,19tyXbowBHWQRRKgRsx477g5_SkAXbz3dwB1nSbRAZd14Cuw,UncleMumble,0,59,50,False,False,True,False,1
e52edcfd-1137-4930-bb19-12a159e9ffa3,RANKED_SOLO_5x5,DIAMOND,I,e74Yo9JqbXirSmp-sLhbKYKFs9n6potHxfupEAalW33Vmyji,Rokosoy,0,20,25,False,False,False,False,1
b3b0ee59-788f-4aa1-9c51-fba73cc8fc4c,RANKED_SOLO_5x5,DIAMOND,I,U7yHdYJbTaFMUiVbxus_EIgbGDr8_MxUpqhYyQDJTPeHHvsq,audiopium,21,47,44,False,False,False,False,1
24e73842-3a89-4094-8023-a20965606801,RANKED_SOLO_5x5,DIAMOND,I,6OQHsmIQ0uf3fVHVsfOszw3EiSTinhq8tRPbyjpEJtHj_R4n,monkey get funky,81,61,43,False,False,False,False,1
6c283916-5841-4236-8621-ec4c8ea64c81,RANKED_SOLO_5x5,DIAMOND,I,0mds3a0kTZpWnFm0ty_4bT5Ut41ul6AN7l3tLaGcp5o9AWhT,ZHº,75,97,95,False,False,True,False,1
f2d2eb67-28d6-4ce2-8374-a8c0be75f15b,RANKED_SOLO_5x5,DIAMOND,I,UGrDuIS2r8-OxlGszmbl4MaKBbt3T92QmSzPS-8nZC6gMl2G,Axions,81,54,55,False,False,False,True,1
681a62bd-b4bf-495d-a6f2-6ad86204297b,RANKED_SOLO_5x5,DIAMOND,I,VJSCWFY6oFwzaGm5kWXv51Iht__6iyuEB7zodJZFkNEMOb6W,nyuh,75,68,58,False,False,True,False,1
8eacfaa8-d3e9-4df1-822e-5d16dcdcca17,RANKED_SOLO_5x5,DIAMOND,I,ZG1zV8f6pUEwamQ8iicVYcErb4K_lvIAJCS-yZsqQnwBZ-F2,ToastandButter3x,42,191,158,False,False,False,False,1
4a6bd19f-5a0e-45ee-9fbc-38c3db5e7f2e,RANKED_SOLO_5x5,DIAMOND,I,Qn4_n1mPhWK90zFeZwCA0OZUgQGlwAx60IsYyIZqppssF0pH,Mr Kottio,51,108,115,False,False,True,False,1
ecc7d73b-9e83-48ea-9ec0-9fd7648061b5,RANKED_SOLO_5x5,DIAMOND,I,w60Bzba2QeIGWfbWmF_1EY4as5rVIpl-XdPb_vB0Oj-08Dr7,Tabq,0,37,20,False,False,False,False,1
3bf76eb0-8563-44f9-870d-f955806fb0b7,RANKED_SOLO_5x5,DIAMOND,I,0XLP45xurHDrVyPHunDB4gKjG_VvwieXbwlpL5Vzq84h89Up,dear sajed,29,24,27,False,False,False,False,1
e152fad7-64ad-4eb8-b4da-40a4bbc52df6,RANKED_SOLO_5x5,DIAMOND,I,60DC7fbDrpoLvSzKBa1WmQ38TP1VNSiPsbsw4VjLYppEmSKs,Deauna,0,42,27,False,False,False,False,1
c76c2937-c335-4d03-ae4c-1a9cb1474371,RANKED_SOLO_5x5,DIAMOND,I,TyBCwzqGDk4cDFb1lfF6YQHsyQw_xjPO92lj-4b3y9k1yFUr,Chubymonkeyy,5,99,97,False,False,False,False,1
1fbfdbd7-0eb4-4cfd-ba31-06564e11aa8f,RANKED_SOLO_5x5,DIAMOND,I,obcFicU_ApekKqfyuYjMZUrvysS9vOL6GiEGPECN4tKuFbit,Mooncakez,75,19,14,False,False,False,False,1
0d720741-00c3-4e09-aa1d-0b77b7f901d2,RANKED_SOLO_5x5,DIAMOND,I,jZqaRLf2IpxqV0NOXbaoZxBrm-KAbc7UyYXo81GC8e4LYRer,Shu Shu nie,75,33,31,False,False,True,False,1
b4b40349-c81a-476f-8d31-45a65ae1f44c,RANKED_SOLO_5x5,DIAMOND,I,jCU2Op2qr_aYnTu8pec8F6wt9RUwixl7f8w4TM-zYEXavxDy,l1ttlefish,29,22,24,False,False,False,False,1
efe22024-1f92-42c4-a36d-8ec5e2388b0c,RANKED_SOLO_5x5,DIAMOND,I,cZiINTwYCme0QoFYiYh-Qqk86aKLzeVQN5G6TWa8KqutGHws,robostalker,40,28,17,False,False,False,False,1
edadaa01-20cf-4d00-acfb-e44e1010a704,RANKED_SOLO_5x5,DIAMOND,I,udi9UKTmi1q_gPCqjB_JguCp__N1hs0bs_Af9cnRbgRinLi1,peep off,75,34,21,False,False,False,False,1
d43711d1-7ec6-42e6-a9c4-f4535c959768,RANKED_SOLO_5x5,DIAMOND,I,_IjnSSe-4c7NlH7RB0I_dqGNGaEttELFHDSDPIAwqqfRRHcc,Deckarine,49,122,130,False,False,True,False,1
322d0c73-09a7-4e9e-800c-782e01f9c96e,RANKED_SOLO_5x5,DIAMOND,I,cVFj_-VW4PGwm0mgUsijyKjADMkp5Shmb9v5QThr1-ggFcyW,Valice,26,30,25,False,False,False,False,1
8708094c-897a-4e9e-a04f-ae4a240567db,RANKED_SOLO_5x5,DIAMOND,I,Nc6YDpzRkESPlczOCKagCTOpysOKP-gjssxIqzGJ_HfN30qP,ThiccDuck,75,55,41,False,False,True,False,1
7cfdf391-eadd-4cfc-847e-3e77663378a5,RANKED_SOLO_5x5,DIAMOND,I,Rm4rXNJdx6e6FgjshJeeS75qeop0Cg2lSHvg29oP7EUaChWr,StinkyMikey,75,126,111,False,False,False,True,1
b8cd93fb-c88c-4264-a36b-e447473ba90e,RANKED_SOLO_5x5,DIAMOND,I,mucYqNLRwc6i1b4BpP-IMQ7WE48sfPBymPVO1klApyl3rQBQ,GamerDman,0,161,131,False,False,False,False,1
d945e9a8-bebd-4bcb-8f3b-3c658e6b8aeb,RANKED_SOLO_5x5,DIAMOND,I,hsZlFdC8RKGtgvK4ly2LdJ7viKB7DzxX0AfUR_mVDAGjMQjY,I Love you ED,75,22,21,False,False,False,False,1
cb4f06bd-23cd-46c6-b92c-93edc2203b09,RANKED_SOLO_5x5,DIAMOND,I,HRGHPOCaAbL0ZFCwXkI8qB6kyISNSFfd9sPc0L651ZeQvPa6,Gustav Elijah,48,72,58,False,False,False,False,1
69586e8b-a4f9-4136-bdd1-28ff207645c7,RANKED_SOLO_5x5,DIAMOND,I,dGn5505ZcPH273xeFQ2ZqYcSQkmU9zrAdEgWTOcEswEVL3gl,starlight0326,61,139,128,False,False,False,True,1
d6d1aa2c-3309-4c84-a3a7-59a3cd03d6b6,RANKED_SOLO_5x5,DIAMOND,I,jiw6NnWE01kwcyr8gjTdtPAHeZkrGPDE75pf8zrl9jIRaDIH,bobo Xian,83,36,27,False,False,False,False,1
1a2f543b-2a42-4a35-88f2-7782abc0b853,RANKED_SOLO_5x5,DIAMOND,I,siIYdyRx0UDCenqdUu9AWaeH520fNO2KqGk7fgUOcNf9wMD4,LewisrYgFw,62,33,28,False,False,True,False,1
8eacfaa8-d3e9-4df1-822e-5d16dcdcca17,RANKED_SOLO_5x5,DIAMOND,I,fIRNkqsfvyxx4jTPVvqRF0BCa0trsp4FQaQvUHZ5SG1zrYeJ,Sestivo,30,89,102,False,False,False,False,1
6d098706-dda9-4497-9f22-c4637b1f84d3,RANKED_SOLO_5x5,DIAMOND,I,3CVEDoLMrCsoAco0SdmtjRpl7RBopniVg6N19E1KjlL6rPKx,Annihilate Fool,57,41,45,False,False,False,False,1
6346abe8-095c-4f67-b640-947e2748b029,RANKED_SOLO_5x5,DIAMOND,I,zyOG-12A91gqRxYTJDiGpz3tODkpNngRSHYHWZ4e-TwhQ0EX,2022  11  25,0,28,25,False,False,False,False,1
e5e7e753-584a-4dd1-b731-ff334963fe15,RANKED_SOLO_5x5,DIAMOND,I,_ZdNGJJZ4knHbhOwpxkWdR3STZPriFddyd4a3HPiq5VgSNY6,Mooncakesº,11,17,15,False,False,False,False,1
bbb00b1f-2e69-4dda-be68-33a3838471d6,RANKED_SOLO_5x5,DIAMOND,I,USf6ghwEgySCX0M1GWlGST7qSAGz_dLYB21bH149fPh8PEr5,Víscaria,19,43,60,False,False,False,True,1
df16038d-6a77-4ef2-bda9-0cbbb2503155,RANKED_SOLO_5x5,DIAMOND,I,pyJ4newfbKWNSJPckGJQEwFpdLzQTI50aFDVGgD4wqehz4PM,Yellowstonew,5,111,89,False,False,False,False,1
6d098706-dda9-4497-9f22-c4637b1f84d3,RANKED_SOLO_5x5,DIAMOND,I,3CVEDoLMrCsoAco0SdmtjRpl7RBopniVg6N19E1KjlL6rPKx,Annihilate Fool,57,41,45,False,False,False,False,2
6346abe8-095c-4f67-b640-947e2748b029,RANKED_SOLO_5x5,DIAMOND,I,zyOG-12A91gqRxYTJDiGpz3tODkpNngRSHYHWZ4e-TwhQ0EX,2022  11  25,0,28,25,False,False,False,False,2
e5e7e753-584a-4dd1-b731-ff334963fe15,RANKED_SOLO_5x5,DIAMOND,I,_ZdNGJJZ4knHbhOwpxkWdR3STZPriFddyd4a3HPiq5VgSNY6,Mooncakesº,11,17,15,False,False,False,False,2
bbb00b1f-2e69-4dda-be68-33a3838471d6,RANKED_SOLO_5x5,DIAMOND,I,USf6ghwEgySCX0M1GWlGST7qSAGz_dLYB21bH149fPh8PEr5,Víscaria,19,43,60,False,False,False,True,2
df16038d-6a77-4ef2-bda9-0cbbb2503155,RANKED_SOLO_5x5,DIAMOND,I,pyJ4newfbKWNSJPckGJQEwFpdLzQTI50aFDVGgD4wqehz4PM,Yellowstonew,5,111,89,False,False,False,False,2
451f5c03-a443-4588-bfcc-7b75d1855f15,RANKED_SOLO_5x5,DIAMOND,I,X_K8az-wJSPEfx_VXJin3fw29POV0gqejhYHlhMX44R-UrNv,yes weakside,75,46,50,False,False,False,False,2
1c3bc95d-6fd7-4c8a-b07b-1e065738f07f,RANKED_SOLO_5x5,DIAMOND,I,RWa3w_uFybDPXcD0PlACDOp118wxgD14s0K3ODeZ3ne9NGtx,Neq,64,25,23,False,False,False,False,2
69586e8b-a4f9-4136-bdd1-28ff207645c7,RANKED_SOLO_5x5,DIAMOND,I,iHK-vvjM0UHpVleecUe1y89CHtl5NZFjJanyWMdk826LI2RC,Hoshiumi,3,29,29,False,False,False,False,2
5f417e8f-00d4-4b2f-a312-e490ce02109f,RANKED_SOLO_5x5,DIAMOND,I,T-Lfe6d7MnRW09jTBbAFzsQG01QVwRxFeGq4_j0-pJTrdJBq,zuco,75,46,49,False,False,False,False,2
b3424985-0166-413b-9cdd-11a729438681,RANKED_SOLO_5x5,DIAMOND,I,OIIKN7dmd76vBdhryYtqfxJXHE0zWpZ9qGIDQX5vk_NXoOzC,MangoˇDog,3,60,49,False,False,False,False,2
11ddf2a9-958d-4652-a0d3-cd169e75d32e,RANKED_SOLO_5x5,DIAMOND,I,PbwvHedzGTq8j5yxgW8LrsQaVNRhREYpbkn_K-hc98AXtyje,LeoIsDD,24,23,23,False,False,False,False,2
e5e7e753-584a-4dd1-b731-ff334963fe15,RANKED_SOLO_5x5,DIAMOND,I,XzOAYLGvCsUbYfCVFlGwWMjY3luLOCZJDoWsA2_U3GnQ-ksW,Bio Teacher,10,14,8,False,False,False,False,2
e4e6ab39-5f5c-495f-bbb4-4786544bf4a2,RANKED_SOLO_5x5,DIAMOND,I,KIiOHUOxICEKlg-Y8eEa0zl4xIFiP04xqEgxsadgys2jT0sz,UECOOL,13,34,22,False,False,False,False,2
ac4fb79c-1bc7-4d0c-9109-16d65c6160c2,RANKED_SOLO_5x5,DIAMOND,I,GiC41WnbxwK1qs4r4VsgcMMV8Wc5-0v3XEd51gfYoYrLB6PP,ohg,19,17,19,False,False,False,False,2
fa45b74b-09d5-4293-b644-521ccee8c663,RANKED_SOLO_5x5,DIAMOND,I,MUypupFXdumIbFWM5fFq9HCUHU_bb3WwVWe7-1-3ln1FiLXF,lcilsd,75,70,52,False,False,False,False,2
4ea37f43-59d5-44f3-b158-12d4aa2d6d09,RANKED_SOLO_5x5,DIAMOND,I,ruBjpJkOhURGs_Td4ROq-_9mWmB4hIb7sd43t5kiBN4Zpaqc,PKFire813,45,13,4,False,False,False,False,2
f0c0f416-63f9-40f9-ab85-d430312d4188,RANKED_SOLO_5x5,DIAMOND,I,75i5I7CUS1w-3T8_bxqqPy5fiYEL4b_04dOpcjjeJWNAiaf-,HOT CHURCH GIRLS,27,29,17,False,False,False,False,2
4e9c335a-e775-42d5-8579-f99512352881,RANKED_SOLO_5x5,DIAMOND,I,k7WPPCWhuxXdWfGbURezJVsXRP-WAUywxQYxdnM564u_j-p8,fatherfatdogcat,75,53,52,False,False,False,False,2
faf8c8f3-4bc0-43cc-92fa-9b09575591de,RANKED_SOLO_5x5,DIAMOND,I,f_Xq5utDK8M4Tuw4F-IVw1QAWklD89uinhdvVZpq2brrnyEI,0Clover,19,79,65,False,False,False,False,2
511dc3ad-306b-4695-9ece-2366d60c3f3f,RANKED_SOLO_5x5,DIAMOND,I,Q5HUJ_IPx3bj-6NAYou8axgwE0VSC21rg-uZ1EwEAoZk2889,LifeJustDream,75,81,61,False,False,False,False,2
9c609cff-2c60-4254-a355-13707074af6c,RANKED_SOLO_5x5,DIAMOND,I,G8E60FroUkoyrsF5oZF9xAy6BZYd_nVFsZSqmacf440pCNx-,Big Snaz,0,119,106,False,False,False,False,2
8dcf504d-f186-412a-941c-4e5def6702f6,RANKED_SOLO_5x5,DIAMOND,I,NaMO1qFClPoJkRtgJpkBmNxjudTLztJe9COLeOzfXD4fourq,Half Klaxosaur,36,58,35,False,False,False,False,2
1a39eac4-e119-4519-b33f-933f602d1472,RANKED_SOLO_5x5,DIAMOND,I,vNvVxbmFCjc8S7EBVHDSP1Wzl06f1Y0aupNCA9ktYCzJl8X0,3 axes spinning,15,33,43,False,False,False,False,2
4ea37f43-59d5-44f3-b158-12d4aa2d6d09,RANKED_SOLO_5x5,DIAMOND,I,2wGUojZPM5YyUh1h9YvrEyGIWlxb5V5-FfrfizZa0oF98cK5,Cancoillotte,75,62,57,False,False,False,False,2
fbf555a9-15b7-4c66-8efe-57f19864f7c9,RANKED_SOLO_5x5,DIAMOND,I,GRwCH5DxZpSnEyrUM0peCEQ6ws7RWJZ_xjJnIQPKtUIBKqZJ,Play No Flame,38,22,14,False,False,False,False,2
fbf555a9-15b7-4c66-8efe-57f19864f7c9,RANKED_SOLO_5x5,DIAMOND,I,Qz0kMamtGfjE0LqIS8nwPey5s5A_jgMS3mg4Ty6kopDi3PCz,iamBannedrew,75,103,88,False,False,False,False,2
69586e8b-a4f9-4136-bdd1-28ff207645c7,RANKED_SOLO_5x5,DIAMOND,I,wlQhP-wQWIwyc2qJ_Kn_WpY58oUUHMkxuBkYqKEHWP3vIYe_,Broken Fortunes,75,56,46,False,False,False,False,2
287837ec-0c7f-4317-be6b-265114c49aae,RANKED_SOLO_5x5,DIAMOND,I,yVhXjJDiaWStO-ibH4NbAakxYEKhgESIauMJkO9_xUjiC070,light as air,73,151,141,False,False,True,False,2
171e5097-6ba5-4335-b991-7fba749b329e,RANKED_SOLO_5x5,DIAMOND,I,9wuP5ZUD4yoH9URHl9k-n-0kbAitG7tjvt3gS4o5dwQGEERz,firerednorth,0,68,61,False,False,False,False,2
de3b53b2-1257-45a1-9eec-310ddba27cff,RANKED_SOLO_5x5,DIAMOND,I,WxhV5dhaJe4oY5Mt0iGgKbLRERwA_DiOMZPuumzMJLSxw3O3,Qwacker Sucks,20,24,21,False,False,True,False,2
401aa7c6-2f65-4e8c-af25-3411c41347c7,RANKED_SOLO_5x5,DIAMOND,I,tUxAddUg2Uv3100n_9rC383CclFX3Bkw0CaTxpn7l_yq24kT,DonKadabra,88,195,176,False,False,False,False,2
0d720741-00c3-4e09-aa1d-0b77b7f901d2,RANKED_SOLO_5x5,DIAMOND,I,k8jo9dGnG_TyJww8fJl-0qGNkbzuQXBI0BCa5GmiZCeGNKdF,Black Magnolia,0,25,25,False,False,True,False,2
d852af46-d73a-4536-a297-d735862353db,RANKED_SOLO_5x5,DIAMOND,I,7poAJkC5vOs4_Q416MeKY3g99KqV6JUa1CAUdTXHRSxnga8n,KimSoYoung,10,71,45,False,False,True,False,2
f400cb88-7d0f-4e6e-8a9d-eb9c9d2a5628,RANKED_SOLO_5x5,DIAMOND,I,sem-Y0VcI3TjqCgIizE5AUtKQu5Zkyi0qivoZyn2eTYMLS9K,mieemieemiee,75,134,106,False,False,False,False,2
aeced61f-d7cb-4c7b-8c07-cc94e9752032,RANKED_SOLO_5x5,DIAMOND,I,spjaAMJGUA4MRAPoW8i-Irp2Bl22-M2-Ac9P1c4NK8BL54MJ,King of Jissbon,36,68,71,False,False,True,False,2
2b91d4e4-e096-4c8c-a59c-b96c391c9488,RANKED_SOLO_5x5,DIAMOND,I,A5erwVvTc-PV-QWqHl0RqgZeUwvxnphyQ1K5nO22M9i_dqDb,XL404,51,99,108,False,False,False,False,2
065ac9f0-47da-44c3-8e8f-e565ab63eaa3,RANKED_SOLO_5x5,DIAMOND,I,2XeZcr7AlqI97iSrj80ZplmMcEbgzf-WK1AjBR6ZPlc0hV2t,IIIlllIIllIIl,0,27,21,False,False,False,False,2
2ff54094-f491-4d3e-9752-e5606472ace5,RANKED_SOLO_5x5,DIAMOND,I,PC-iEfnHik2DPk95JWWzDpstIjcfG-irJr6b4v_NwYup4W9Z,Ha Shi Qi,24,64,70,False,False,True,False,2
401aa7c6-2f65-4e8c-af25-3411c41347c7,RANKED_SOLO_5x5,DIAMOND,I,tVFX_km0PmM1EPmf4LlgkbjRkg7LNSMB0El_SmcDXKqOEbi6,ToeLover69,9,14,12,False,False,False,False,2
5d7d2282-df4f-4e00-acf7-897779e52975,RANKED_SOLO_5x5,DIAMOND,I,5USaDcLdIdqZLH4OGFFrRY8QqjwqLFZghVejL35XWUhaROod,Dathaniel,75,70,67,False,False,True,False,2
c463262c-529d-4339-89e7-b3184f5d8207,RANKED_SOLO_5x5,DIAMOND,I,BdMgdwjmuCkJ-zFY3uDbQ2MoMKpT2yMXl9Gnp7QJQQrQQGf9,vincg,10,53,36,False,False,True,True,2
e360d308-0f22-4dc4-8031-0597c96ea913,RANKED_SOLO_5x5,DIAMOND,I,WB4C6dI3Rtl8U_2fBYADY4BxVeMU6i3z8RXeGLYByzR0FDUV,Fake Natty,16,33,18,False,False,False,False,2
f12053e2-e023-4b05-a13a-854e6c0b2112,RANKED_SOLO_5x5,DIAMOND,I,TWkInDlrBVvxSrdjBJYXPnbzXjpOBPj6UyXVrZ2oqXxbvnVv,poop soup,0,33,37,False,False,False,False,2
a176b4e4-fe9f-456d-b34f-ba008fbf1bdd,RANKED_SOLO_5x5,DIAMOND,I,trmP-_OZ_mOrkTZEb11RXQHzabP_kDLfb57Vwa96HBq89KwE,SSSquirtle,7,37,27,False,False,False,False,2
7d733aea-c198-41e6-bd79-765c976016b2,RANKED_SOLO_5x5,DIAMOND,I,hhCI_T8RscXbeKJUC9bIWIDrKIU24BG6bjfGtVyJvLxt1sLc,FioCamille,23,74,65,False,False,False,False,2
1c3bc95d-6fd7-4c8a-b07b-1e065738f07f,RANKED_SOLO_5x5,DIAMOND,I,ZNDkDR5xtY7j2N_g_jy_uAKQ3BV28M829Xj_FH-L9bhR90hP,Account Sharing,29,41,47,False,False,False,False,2
1c5f7bf7-dadc-4676-804c-ec985bc4401f,RANKED_SOLO_5x5,DIAMOND,I,KWbAa0ZFTtsgugNrgE_mnArhNy4d8C_zIgtwYwg-lNkE8K-s,VeI Beth,75,45,21,False,False,False,True,2
11ddf2a9-958d-4652-a0d3-cd169e75d32e,RANKED_SOLO_5x5,DIAMOND,I,b6tAHg8dldgv6NRwd9X0-k1UZ5E-nG-Xav5yh2zWvlusDaUN,spooky,75,51,46,False,False,False,False,2
3cfe501e-0e9a-4ef0-ab8e-9fb632f2d249,RANKED_SOLO_5x5,DIAMOND,I,UBb9YP58jDzgTcbEYVMBTtK1BBRF2fGIhlZnNxsnNohJGxL-,Mega Rando,41,20,19,False,False,False,False,2
eb533dfe-dc27-4961-8082-94d40c7794aa,RANKED_SOLO_5x5,DIAMOND,I,6loRKAfr7H9BQhPZ2ozkAYPeBNaYYkPxhVWS66lXTgl6dU8P,bao an,75,90,76,False,False,False,False,2
e33c7c2a-5fb3-4104-aeb4-36b9232d977c,RANKED_SOLO_5x5,DIAMOND,I,WNI20Chsh6UTzcpJoS7-YMtx3K8XAIuRQV32C6f_bN_szPM_,nían nian you yu,12,110,122,False,False,False,True,2
0cbbf15f-11b9-49b0-b32a-fce1d0e44fcd,RANKED_SOLO_5x5,DIAMOND,I,kGeU_jb_dY6aex8qkPh70XFcuFYU64YHhKynGNjtvTjjkO6U,cold,4,130,153,False,False,True,False,2
c7710005-cc6e-40b3-88b2-386ceb59cb9e,RANKED_SOLO_5x5,DIAMOND,I,AU9YxO2ua0M7Q68Ft_8H4LIRm-QM_arLC8jkDgrkI-aLKpvf,ff 15 unlucky,46,83,89,False,False,True,False,2
79f23cf8-e7e5-4308-af7d-e672dfb60d5f,RANKED_SOLO_5x5,DIAMOND,I,3J4vG7D0qbHUhkfZWArHGD7-rOzMDY7TGSgBr-eKNW7tgrSg,Vicious Jungler,75,129,82,False,False,False,False,2
bce2dc43-3209-4d05-a85f-7b5d1c02a8ef,RANKED_SOLO_5x5,DIAMOND,I,ztG0v6M6l1cPornjxIaaH1jMPJG8gie7HJfiDvdv0sS4CLqW,yi nan pin,24,24,20,False,False,False,False,2
9e7cecfa-ab5b-4664-90a5-7b0a497ce055,RANKED_SOLO_5x5,DIAMOND,I,zWlFBRYP3IyZserfT80LnFaJe1hmGjU2uhhLl50w0CHEEPSE,Cephalo,36,77,82,False,False,True,False,2
11ddf2a9-958d-4652-a0d3-cd169e75d32e,RANKED_SOLO_5x5,DIAMOND,I,fCl3kpy4JUO0iinWMLo4SlIgOW5OSH2EY7nJhJyE3a6e1vtW,For Jennie Kim,0,33,36,False,False,False,False,2
4a6bd19f-5a0e-45ee-9fbc-38c3db5e7f2e,RANKED_SOLO_5x5,DIAMOND,I,iBnLBvkkDKfrzfMwG-oi5gmDygw4PHUcQ1gJq4W2xN3vqWbi,Divine Dancer,0,188,168,False,False,True,False,2
0002f6f3-bb4f-4ad6-837f-3b525a80004a,RANKED_SOLO_5x5,DIAMOND,I,MCgcnMfmbhFwxmingkVDiZn4L7w8e2OOwUVkeZlQOpO5WmhO,Alfaren,75,38,17,False,False,False,False,2
0bd2dcbf-af5d-49c2-95ee-019f880af4d7,RANKED_SOLO_5x5,DIAMOND,I,jd8lEHc-4bfbnlZgZT2TdQbdMENvYPF-AatEMg-Yj9x6gZMg,a bimbo,20,102,115,False,False,False,False,2
0d720741-00c3-4e09-aa1d-0b77b7f901d2,RANKED_SOLO_5x5,DIAMOND,I,aIx2qLSbeQ98HIOFQKMzG4VoO9if1ufGX0J39FSa8Wh8NRxk,DripGodJuju,0,339,333,False,False,True,False,2
f400cb88-7d0f-4e6e-8a9d-eb9c9d2a5628,RANKED_SOLO_5x5,DIAMOND,I,5l_y9LsM37NX_wmf1MOLhotr64QuNTLwucSGbTTuFYx3MfR0,I can carry u,53,30,25,False,False,False,False,2
8f843e31-11a7-4a8e-a8e9-2a84b07c9815,RANKED_SOLO_5x5,DIAMOND,I,FMBs9Bu4oOLjghOI4VR2s44YrrlftaxsHAzLMbuhJQA6zB4W,Adenine,0,59,49,False,False,False,False,2
5d7d2282-df4f-4e00-acf7-897779e52975,RANKED_SOLO_5x5,DIAMOND,I,XT1-GSJfLSQHFwMIRtALifxNnxmP3GYPWm5CTGZLnlSVx9ez,ninesevenfour,40,48,35,False,False,True,False,2
54a9e94e-e8b0-45ab-9699-08c3b73b4ef8,RANKED_SOLO_5x5,DIAMOND,I,qsCpoM29q20QpdPtF3iiD5bbvkp40xyZXomiTu0sPp6KbKYQ,wizard101warIord,79,50,42,False,False,False,False,2
7240a2a2-21c9-4062-82ca-30bd65d57412,RANKED_SOLO_5x5,DIAMOND,I,HyKAYwj0PCq00wmb19F09tsM9MTjUYDn7Pn6ltLXqThd5IuR,bastard child,21,65,48,False,False,False,True,2
6b7dfa74-7ecf-4708-90cd-d508ebe15808,RANKED_SOLO_5x5,DIAMOND,I,f6AtEAUWgSQQD3AGSqaDf42tnnZLeoFYHmkmKvMF3Vfjjhvt,RohanskiDumbass,52,41,35,False,False,False,False,2
047d396a-aa6f-4b77-9632-17a0f52c5418,RANKED_SOLO_5x5,DIAMOND,I,C0fSJ_IfWom2Akr1v5-c6C2sdPWo9TMVMPPB9F4Q075-qzr9,Oltan,60,42,46,False,False,False,False,2
ffd0e84c-e39a-40ae-8eed-64f13a54f69f,RANKED_SOLO_5x5,DIAMOND,I,u-Lq8c1fvOvTdIQxHLXs3yUx47DoHBQBpAyw3ovk9f4aE1Ju,XxAssassinxX,57,127,108,False,False,False,False,2
c00535c7-84bf-4267-88be-0619b725c927,RANKED_SOLO_5x5,DIAMOND,I,ImUar_uPJkH_B99h3S-groJ92ZVyPaGc0tkvsHvZlJgijHmz,PastIsJustAGhost,93,20,22,False,False,False,True,2
4f6d99fa-0106-46fb-a815-325518933e8a,RANKED_SOLO_5x5,DIAMOND,I,BuVyqcDWgNbqDrMF7snrqmQZGVa5sYA0pt6V8RfMh3FVUYNA,Nisprel,90,102,106,False,False,True,True,2
a2cfe663-471b-4f76-b1fe-f30ce63aeeab,RANKED_SOLO_5x5,DIAMOND,I,Iq-hTwwhdmTDjdY3O-kr46cHG-WZWUTcRs6nCCFTl-yT1ZIQ,Mêtacrisis,23,208,188,False,False,False,True,2
683d3966-b680-48a6-869d-2c88612e5304,RANKED_SOLO_5x5,DIAMOND,I,elzYDS486Lmak7UwkbpfxyjQJHoHdqBJ6ratTw0IVGAGwZcE,ChapterD1ana,25,68,68,False,False,False,False,2
af66f629-3039-4a22-8b51-49b39084eff3,RANKED_SOLO_5x5,DIAMOND,I,KZfGyqxFrbELWovT3hxyn18ICh2eoYhV52DtfQGOp1aSENVi,Oscipette,61,25,26,False,False,False,False,2
1d4cf31a-f058-45e5-ba42-4572bc6b0271,RANKED_SOLO_5x5,DIAMOND,I,u188yfJtf__WuwWiJujsuyJLr8AbZfdz9Tuo8N7SoveGm03g,Mathew Perez,75,18,15,False,False,False,False,2
6dd48fa4-567c-4144-899e-dadef69401f1,RANKED_SOLO_5x5,DIAMOND,I,HusDSx0nwSQa-6qC7yZmQtFc4DbpvLF0gXFCEgaIXPW_t7gU,Her Last Whisper,75,74,59,False,False,False,False,2
e432ec36-5eb3-443c-ac6d-fc510e40dea4,RANKED_SOLO_5x5,DIAMOND,I,_4x-2T5oE_XjpWclM9yhS_jTBaBoiqwNKTMv90NIKXgCFklF,Cooolddd,26,47,55,False,False,False,False,2
6dd48fa4-567c-4144-899e-dadef69401f1,RANKED_SOLO_5x5,DIAMOND,I,eMjMC-V-tNLcUOxQJiiunBMGN0ejmN8aJkEwfjl3o3AWHpx7,meatride me more,75,66,62,False,False,False,False,2
30d10b03-56da-474c-9226-bb3cff6b414f,RANKED_SOLO_5x5,DIAMOND,I,CJgsMm3_0RA33rAoExGiillC5nrTDFUNp-utaWcyD7HZlpy0,MLV DK,11,31,33,False,False,False,True,2
f2d2eb67-28d6-4ce2-8374-a8c0be75f15b,RANKED_SOLO_5x5,DIAMOND,I,SRSQQwTes42WXk5A8AT5--1iFUZebiVuKtlQlz4TSyvI2fAb,Without Truth,0,27,28,False,False,False,False,2
b8cd93fb-c88c-4264-a36b-e447473ba90e,RANKED_SOLO_5x5,DIAMOND,I,p2uH-4kTV7cVaEL0gsIcn_j7r9xBdM_Le8kXCM-Kg4mjZt2U,Egyptian Import,46,41,40,False,False,False,False,2
9e7cecfa-ab5b-4664-90a5-7b0a497ce055,RANKED_SOLO_5x5,DIAMOND,I,m4IMc-XswqsMX9YJyp1J6vSpYJrUt2f0dj5oeF2EBNeqbhIr,Tale of Bluesea,16,25,21,False,False,False,False,2
4d3932f3-4724-4421-8ae9-a07e3365c3b5,RANKED_SOLO_5x5,DIAMOND,I,y8zdJW3rQ_CpGanuu4Ot9793KOchwBZpZaJomBD7xJEPg_Og,1VAN,1,19,4,False,False,False,True,2
4e9c335a-e775-42d5-8579-f99512352881,RANKED_SOLO_5x5,DIAMOND,I,GetJ3WwTGPUa3zja61cs1zFd9TFXYckDK1tTEsAClqKFVbXI,cyber ding zhen,48,132,124,False,False,False,False,2
de3b53b2-1257-45a1-9eec-310ddba27cff,RANKED_SOLO_5x5,DIAMOND,I,4yqYf0LpATA0sgVZvLc-o4okYXqGyg0nvObuPpAxMSjFLDmG,Because of me,23,33,34,False,False,False,False,2
33c6d6fe-c9e3-4208-b273-1c7005582127,RANKED_SOLO_5x5,DIAMOND,I,IXjsfqLSSRo1sWAYzCwbro7Gxu10H_1I8FRkLb3xK6G21tWI,ƒouis,0,26,27,False,False,False,False,2
84520a76-3edb-4a4d-88da-35da36fd0338,RANKED_SOLO_5x5,DIAMOND,I,S3vLl_4n0OvoXI1W3aO91o4ur_GhUmFy_ekoTRy5EZ1UWl5L,Viable lol,75,88,100,False,False,True,False,2
e423c413-78e2-45d3-a4f8-2437c3ce2cd4,RANKED_SOLO_5x5,DIAMOND,I,gZJXokFrZdzveWiTwkLmSf51-yF-t95jHaJa9Q93bLdqAuOJ,DISCORD BB9G6YK,24,22,13,False,False,False,False,2
498ff318-e456-4baf-86d8-13869617be06,RANKED_SOLO_5x5,DIAMOND,I,s49Pa7d5Vh-2VMSbiefJJ8xZQPBMNoatpGWPHDbihNcdCjDk,Ladonell,75,33,34,False,False,False,False,2
4bc7e31c-3368-4e94-b210-5cbc2f633251,RANKED_SOLO_5x5,DIAMOND,I,3ULEFLJ3b2UHu9lJrwNq7NlikR1g2Fs74CtLaeqdtqrnYwEq,JocelynlJz,0,87,68,False,False,False,False,2
33d19e40-c5d2-4e16-a972-8311f64e8a1e,RANKED_SOLO_5x5,DIAMOND,I,bn2OHW5a0zkXtXLc_QlCH4R1B3OG-odK_aMXhNMVWbrXicSI,Yxnjin,25,32,23,False,False,False,True,2
d777cf52-ba54-4ced-92c3-ad0004d4cf51,RANKED_SOLO_5x5,DIAMOND,I,2Eh7IzmZbRDgYFsifl7zvfOlfe-YtmzF3WSSnMTjO_qNXj1N,Moob off,75,55,45,False,False,False,False,2
0002f6f3-bb4f-4ad6-837f-3b525a80004a,RANKED_SOLO_5x5,DIAMOND,I,B8zJON9o4Gs4CqTFxQJ6Vr3PZYEiM4inqsoCZCPXDxyA7v7Z,AiamDaniel,15,44,47,False,False,False,False,2
936881f3-b33b-48f4-bc68-03a9f4b46b9e,RANKED_SOLO_5x5,DIAMOND,I,7VUTdXp3qA-HCfRtzASVes41VwFgDCPemf2r6C2UOCCHCqeR,vxyzyzz,7,27,27,False,False,False,False,2
eda13cf6-1714-4846-8657-9420184ac7c7,RANKED_SOLO_5x5,DIAMOND,I,K1naFTPrFEUw3PL5We0rDgRM63nz_G7OvVwuX3cgh2ocGYMZ,ur pr my warmup,95,68,54,False,False,True,False,2
252dbeb0-885f-491b-83b1-24aededf595f,RANKED_SOLO_5x5,DIAMOND,I,eC4mmBYi8aUwHMnpnOZFIMyATALXnD_q0ENU5eI62cmgThVY,sIhRaymond,41,227,209,False,False,True,False,2
2d04b388-9f9d-47b6-9276-a93b23da6077,RANKED_SOLO_5x5,DIAMOND,I,pe5njg9LWzKusjzROHU7364w2ddYh7EVf2fv0UQ-QRhjPID8,Dxnsity,24,41,34,False,False,False,False,2
415b789a-6162-4e61-ac6f-f75cf9e27cca,RANKED_SOLO_5x5,DIAMOND,I,9UOnJu8zF8ZXoT4vLGgeC_340-j8weKGdnKfYi9wEMC1U8CR,ugly dumbass,34,25,24,False,False,False,False,2
33c6d6fe-c9e3-4208-b273-1c7005582127,RANKED_SOLO_5x5,DIAMOND,I,f5bSSXVAdBdznzmOeHNc6e0A2op0-gSqq7B_PuyFlx3CTLM0,PrinceDuko,44,22,13,False,False,False,True,2
e5e7e753-584a-4dd1-b731-ff334963fe15,RANKED_SOLO_5x5,DIAMOND,I,Aew1Weqt1xI01z2fKOr4gsrfhy45OUd1w2A-C1cwZLwVt7s6,NTNA2,51,26,16,False,False,False,True,2
e432ec36-5eb3-443c-ac6d-fc510e40dea4,RANKED_SOLO_5x5,DIAMOND,I,UdX_5SVcdeRS8QtR-k3Kx-eAJtj9W6kH9JHQTH7tRlmdGXG_,Memento Morı,29,87,95,False,False,False,True,2
edadaa01-20cf-4d00-acfb-e44e1010a704,RANKED_SOLO_5x5,DIAMOND,I,tMSp6K4SW4vSqss2yrZfd4T2OgFUz_Emp40MMaaXj8cNMWsq,7Seven,8,36,27,False,False,False,True,2
4d3932f3-4724-4421-8ae9-a07e3365c3b5,RANKED_SOLO_5x5,DIAMOND,I,7Ddf7I2eN3sOvAaVHclBqowPTYguAVV2j9gmoTMScgY8oVXd,Xiao Huo Long,75,90,97,False,False,True,False,2
1699f341-9e45-467a-8e35-8b0e6063b950,RANKED_SOLO_5x5,DIAMOND,I,XF6BJ6VWjHLFo8d3TL3c5rqBJmVKNpLU_s7OtZyonIpgbqGc,soft cry,58,34,42,False,False,False,True,2
fa45b74b-09d5-4293-b644-521ccee8c663,RANKED_SOLO_5x5,DIAMOND,I,N6VMJF-ITohN3oeJg_uvVpZUsGi14iBnPqXVR3MzaCRW0fjE,XNecturus,50,156,139,False,False,False,False,2
79f23cf8-e7e5-4308-af7d-e672dfb60d5f,RANKED_SOLO_5x5,DIAMOND,I,g1tE8RKNBkZBWA54LPwYZB7qqOh75x7rJo0ILmc5-jnvJX2Z,wo wan nan dao,75,78,60,False,False,False,False,2
4e9c335a-e775-42d5-8579-f99512352881,RANKED_SOLO_5x5,DIAMOND,I,UI4k3c9r74tyXV9k4_-Ece6-9fLwQkDej79Ab4YknGDPi7UU,click forward,75,52,29,False,False,False,False,2
33d19e40-c5d2-4e16-a972-8311f64e8a1e,RANKED_SOLO_5x5,DIAMOND,I,KYzJl45eQiBVFELqBdwhxBurT5RctOsRksMiJDXXBpF9ienr,Syzygy,68,146,148,False,False,True,False,2
ee4654f8-cb30-496f-85af-07fd9c75f4b5,RANKED_SOLO_5x5,DIAMOND,I,HZTFpcJRNt80f-9ouckQ-BBtGDP_WrEIx4JqUL5RRbVg8j7m,1stAmnesiaEXP,20,78,62,False,False,False,False,2
171e5097-6ba5-4335-b991-7fba749b329e,RANKED_SOLO_5x5,DIAMOND,I,T65gMU-fQQpPHAx2GRG725Ja5StfpG3vBhH_uGXGlLbAQlDq,Bearegard,39,45,35,False,False,False,True,2
6dd48fa4-567c-4144-899e-dadef69401f1,RANKED_SOLO_5x5,DIAMOND,I,xf7S1Qxy2mSEQzl21HlR3zsEtaeZNHXYNwPl3BiOcf_Jvbgh,KingApdo,75,43,39,False,False,True,False,2
05456ceb-56b8-451a-98d2-809d59808548,RANKED_SOLO_5x5,DIAMOND,I,3vrk9XpZKODAzv2UWEIAvwPm5kQkKBNeFgUHJoqn0H9m2ms0,Blissful Jinjo,21,62,64,False,False,False,False,2
1d4cf31a-f058-45e5-ba42-4572bc6b0271,RANKED_SOLO_5x5,DIAMOND,I,vABuyDnpX7eRe07ykwTfA_rLlKdI5as9LCTnMg6UZQlFL_p6,im gonna puke,75,18,13,False,False,False,True,2
33d19e40-c5d2-4e16-a972-8311f64e8a1e,RANKED_SOLO_5x5,DIAMOND,I,Uwnp-e_6vBq3gLzaqhzeReuaG2MuceRW-R-7_1ukiPTQA69r,LSTarzanedDantes,2,137,130,False,False,False,False,2
d43711d1-7ec6-42e6-a9c4-f4535c959768,RANKED_SOLO_5x5,DIAMOND,I,6S-Vg3kGgxAgmNU6-1LlE6MPh825_eGewK_2eFZH2dQgTDe4,MoreAxeLessTax,67,46,50,False,False,True,False,2
33d19e40-c5d2-4e16-a972-8311f64e8a1e,RANKED_SOLO_5x5,DIAMOND,I,km3EJ22v6OXsMu2-Xw90xwRS5ige7w1G-tcHqpqvy3zPom77,Hidden in the jg,75,49,50,False,False,False,False,2
498ff318-e456-4baf-86d8-13869617be06,RANKED_SOLO_5x5,DIAMOND,I,yzcDWjQQB904T8bXcpHCRH8nmtexYTp7DOum7xeZ3502Syqr,Cerathe,89,20,16,False,False,False,False,2
e573b1df-0300-45cd-931e-d86b33bc33ef,RANKED_SOLO_5x5,DIAMOND,I,ch45TO9d97TNefCJUgczuG6i3T_-SopmA4i6ViVebJJdWrxj,koujg,41,34,31,False,False,True,False,2
1d4cf31a-f058-45e5-ba42-4572bc6b0271,RANKED_SOLO_5x5,DIAMOND,I,3AuoPPlr3OY2_vVKu4Hw1dDRRWMNc7Fmv7QKInE_VbYzLMQg,Joondik,10,206,190,False,False,False,False,2
d777cf52-ba54-4ced-92c3-ad0004d4cf51,RANKED_SOLO_5x5,DIAMOND,I,-1APbsZ4aCI-t9-Y7z3c_C4pITXNnFIqWbcWeM2nUgj4Pj0P,HQJ,0,23,13,False,False,False,False,2
71a5effe-426e-46f9-80d7-d390272eb5ad,RANKED_SOLO_5x5,DIAMOND,I,_NriDe1-JdsfwXxHwziEDZdZYCcB3SEpcbXgSXnYZ7HE-f9q,Ryan sucks TOES,75,45,36,False,False,False,False,2
b11b2b2b-0133-468a-866c-af17715459d3,RANKED_SOLO_5x5,DIAMOND,I,qNb1Oc6NgYqt-ySKlMPQwqz2LkaprkcZTTpn5EY-09s6VKkM,MyItchyPness,19,38,30,False,False,False,True,2
e5adff17-5c06-412e-8f58-9ef144ece819,RANKED_SOLO_5x5,DIAMOND,I,OPETyQvDjAdeWEJJeYy9pIIglL-qRK4vPdCIQU0-Dlgz2v-N,IG KK,75,32,16,False,False,True,False,2
2b91d4e4-e096-4c8c-a59c-b96c391c9488,RANKED_SOLO_5x5,DIAMOND,I,2qXyTfW4nQELWj3Q59tJjxNYnunzJ4fCsjLZFQVCkps-3h8S,G HorizonZ,27,73,87,False,False,False,False,2
d9681205-9ad1-42fa-bdd0-ade3c3cb8f3f,RANKED_SOLO_5x5,DIAMOND,I,ChH0SmTPqCfMMDrnh0epfH9vb4Egw0_M8L9d0KCD1cxnMnrh,HyperCarryGOD,56,52,53,False,False,False,False,2
ffb951e3-9d5c-41d7-87d4-658f1c4f29f8,RANKED_SOLO_5x5,DIAMOND,I,6jUJyvEsrQWR4RQ0TRVP12ANVnSWy2f1Apo-vwEFfKKmlALA,NataaoKl,75,22,13,False,False,False,False,2
ecc7d73b-9e83-48ea-9ec0-9fd7648061b5,RANKED_SOLO_5x5,DIAMOND,I,p04i5O5y_GEGTLgTXBHzMWtv_YQpw7YZRGijP2LRb7KDUyq5,Pupppeh,21,31,21,False,False,False,True,2
322d0c73-09a7-4e9e-800c-782e01f9c96e,RANKED_SOLO_5x5,DIAMOND,I,g2zohxonIC4V7I7NZ9huYroczQjz4wUMXwoGaKhDTsp0lhuf,Master LEI KING,50,22,13,False,False,True,False,2
7d1dfa6d-6d6d-4409-b061-9796364c30bb,RANKED_SOLO_5x5,DIAMOND,I,6l_DwGlNGcK5NWT-cpciQw-GdQp9mqxgq_ngVUe9z6wzquss,FC bruiser2012,37,238,206,False,False,False,False,2
9253a943-7ef2-4749-a40a-f9a3563ed41b,RANKED_SOLO_5x5,DIAMOND,I,nzQ3-08iDC8OLT0_avZ3NY2KSf0a9LtMYidA6slIiTqyJrxl,greenn,0,94,79,False,False,True,False,2
2e077ec1-187e-4d09-ac07-66a0becebb8a,RANKED_SOLO_5x5,DIAMOND,I,iEvEhOELjZUwK-CiOG9vbok7MO79q-sTfMXSJzuuzjuGeWtV,ElviraaEcDa,75,125,108,False,False,False,True,2
ffd0e84c-e39a-40ae-8eed-64f13a54f69f,RANKED_SOLO_5x5,DIAMOND,I,3ZEFj22ZlJBZiih-hkrXrWz0waXG7gfZe5OZN1RjdlCL7ELc,Jungla,0,31,37,False,False,False,False,2
9e7cecfa-ab5b-4664-90a5-7b0a497ce055,RANKED_SOLO_5x5,DIAMOND,I,PR91AjvtNylB32BIZgbDR1HNdDORtiNO1IXcN2Ri78f9i47o,xona,54,30,34,False,False,False,False,2
683d3966-b680-48a6-869d-2c88612e5304,RANKED_SOLO_5x5,DIAMOND,I,po_8n-MhUwEXDiHGQKQk6Tvy8ZcfZl-qF9Jd3KuekwSeL6Fu,Saving Pvt Loli,35,171,140,False,False,False,True,2
06086440-e17f-4785-9754-87d159580d7d,RANKED_SOLO_5x5,DIAMOND,I,lgl3sRAKaBd8rFIdmliOxVayFNTTNuomOlAnnXRT235MJR2m,tractor,0,75,70,False,False,False,False,2
58588ed9-006d-4924-a162-10b44b814577,RANKED_SOLO_5x5,DIAMOND,I,SEz8AVSu6TgH2nkdLuyfn5Jbij-g3YZpnIRNHBttH3usmTLy,Iron To Chall,75,20,14,False,False,False,False,2
8f1cb808-bb8c-4fc8-85d2-a231eb82d285,RANKED_SOLO_5x5,DIAMOND,I,FIdHb_NfEbnr-XhVR27dzpeY-sei6luJd6RGhdbgXtLkwFtX,KaleZero,1,33,20,False,False,False,False,2
5dffa7cd-276c-44c1-9229-a7ef96ca7013,RANKED_SOLO_5x5,DIAMOND,I,wDSHNALnTaQTvhbznYF3SPMYGJ9r7OoIfR1O-MXzee0nq1vC,try not to smile,75,56,50,False,False,False,False,2
7d733aea-c198-41e6-bd79-765c976016b2,RANKED_SOLO_5x5,DIAMOND,I,Q20JgatMz4T9vIyRMFZ6zEYgJ_AR-oopASjrzV3WLMvVohKa,toycatgomeow,75,86,88,False,False,False,False,2
7c1aca31-20d2-489f-b8d0-1e181b0dfbbb,RANKED_SOLO_5x5,DIAMOND,I,fOneWqSTtuan4wd6uRHE7HTzoq1M2wFKX-rYRgeMSrqO24mb,4        R,50,153,122,False,False,True,False,2
e33c7c2a-5fb3-4104-aeb4-36b9232d977c,RANKED_SOLO_5x5,DIAMOND,I,x_VHoiayecYy0BbnReYToJljn93EvzKG33k_ZP6UooPY5_Pz,Rienfleché,75,48,43,False,False,False,False,2
1c3bc95d-6fd7-4c8a-b07b-1e065738f07f,RANKED_SOLO_5x5,DIAMOND,I,aEFh6EhMUjoVewiX7ShzS64y1xh1PXnUeprrnQf1AV4USyUL,nami is sushi,4,26,24,False,False,False,False,2
7c1aca31-20d2-489f-b8d0-1e181b0dfbbb,RANKED_SOLO_5x5,DIAMOND,I,_0YsgYXx6LsMY6nzziOnzLXERMFZFwxCzU6CPJp2iFmY-hYg,FINNA BUSTER,15,54,64,False,False,True,False,2
8e537c17-d932-4a1e-92b0-05b08ba21606,RANKED_SOLO_5x5,DIAMOND,I,XFD4U4vpUvMP-Dmn9j_XN28E4b9eIzYA5ou76aqL4JrW5k8q,Beang,81,25,15,False,False,False,False,2
b81f2ee0-3c4a-4deb-bfe0-d7c3ea74d96e,RANKED_SOLO_5x5,DIAMOND,I,tdeR3bi_P9eEHun753QFJtRQ9ckHAAWiIoGWEhmVLnFxMaMW,love chae,44,61,65,False,False,False,False,2
1cc5e9e1-6fb4-43ad-a8fc-78f6f4765002,RANKED_SOLO_5x5,DIAMOND,I,gfEUze7V1GOwQDYOKM2PujOs-QsgWLKip1_55_4nNeUH9cUv,Kenvi2,4,10,6,False,False,True,False,2
36b57655-387a-4ab6-b4d2-1152765d4f44,RANKED_SOLO_5x5,DIAMOND,I,GHaYwSHsFtexxrExOUt0zPNkpMpr1dB6_rXrW5c3e9iuSwbd,L i ã r,41,18,17,False,False,False,False,2
260fdb24-d18c-4060-a06f-aea43323650f,RANKED_SOLO_5x5,DIAMOND,I,gL4-yELkUx2dkFsthGrtJq_dKhQTU_MO0f-APcn3dNXyfF0e,YørdleQuęęn,75,70,68,False,False,False,False,2
15df4ad1-8394-4506-bf30-d867efdc5dbe,RANKED_SOLO_5x5,DIAMOND,I,8AYULE8uXfNJ7Zsws7-B894O-gcwlrmNoLPgoyLwiC4LsMvT,jg no mechanics,0,36,33,False,False,False,False,2
1a2f543b-2a42-4a35-88f2-7782abc0b853,RANKED_SOLO_5x5,DIAMOND,I,kjrgNXp7g4yxlazY5Za-QsSTeQECehj5Dh7fZV-zTURuJ8hv,dRJared,75,23,22,False,False,True,False,2
dd0d9cee-1954-45fd-bf9c-8a1f4ec50147,RANKED_SOLO_5x5,DIAMOND,I,C8xjyicnb70o5z4SEVk_Q6ELqEPhn_vi1Gy3SUmulZ6sVKXh,Renoturbo,49,74,79,False,False,False,False,2
7d1dfa6d-6d6d-4409-b061-9796364c30bb,RANKED_SOLO_5x5,DIAMOND,I,uIbEHQB9hARDUJYjdLrB_lHDn7JbNzki-ByIU8Ti_I7dHdmn,Pèngu,94,168,141,False,False,False,True,2
8f843e31-11a7-4a8e-a8e9-2a84b07c9815,RANKED_SOLO_5x5,DIAMOND,I,1EsBz4TFWLOOruQnizx9iMFAQxZoO-d8d0vVDq9dwOWdHtzP,Lane Savant,0,89,89,False,False,False,False,2
faf8c8f3-4bc0-43cc-92fa-9b09575591de,RANKED_SOLO_5x5,DIAMOND,I,A_4aeKSpgwKNlURYNnXSq0Rl8UORO3bwVLC6VD99X6tWeioX,KuruKurukan,75,63,48,False,False,False,False,2
c7710005-cc6e-40b3-88b2-386ceb59cb9e,RANKED_SOLO_5x5,DIAMOND,I,yoe8J276W8z0EA9RwlX8zrLwfhBlaSKMnZ_K2FbyS3z7Ye2e,Węchat Elovator,70,47,17,False,False,True,False,2
24e73842-3a89-4094-8023-a20965606801,RANKED_SOLO_5x5,DIAMOND,I,I_DuvEnJK1ylV0yHrlSP8h7yIthfvUp574uD2l1EPOxkncRw,N7 JackeyLove,70,35,22,False,False,False,False,2
44ce8bf9-a03d-4b89-846b-e05c0609d3b6,RANKED_SOLO_5x5,DIAMOND,I,AaqeQxVU1_SB6cvinfu5QyJZl7PbdcXwc5c16EypsqMSsI5v,Correlates Kitty,75,65,50,False,False,False,False,2
4a6bd19f-5a0e-45ee-9fbc-38c3db5e7f2e,RANKED_SOLO_5x5,DIAMOND,I,Kiwcs--UkEqGyQpbOqKvtLn1AMhPMKAZHyHqIqO--fMRrFj8,FEET SLAVE,63,25,24,False,False,False,False,2
850e3362-1131-476b-a82b-6bbc239b1aad,RANKED_SOLO_5x5,DIAMOND,I,hEupU5kudl4X8BAexBJLUDl0UCmjFUnvG2SSJmzU0-UVqkTQ,1 TTV Karhus,0,11,8,False,False,False,False,2
73f0ff37-37fa-497b-b1b1-5402dcbbe8f5,RANKED_SOLO_5x5,DIAMOND,I,dMHrQ1uLGkESkDzG_nZDfiaTxts0O9WBjMKEKL1TOImOMTVZ,jaegun gaeseki,56,20,13,False,False,False,False,2
a8adef92-e6c4-4ade-926c-ecf8debd1a10,RANKED_SOLO_5x5,DIAMOND,I,eQ0sNbQow0HiBDcnEC7l1SLwsAjBWbRh_dVsAHiDeHDgvukZ,Mozza,75,47,37,False,False,False,False,2
2d04b388-9f9d-47b6-9276-a93b23da6077,RANKED_SOLO_5x5,DIAMOND,I,F0ks6tVah2ip-b48D4Nkx3HTxHlrOgJVN45N1qlxIZ1r3zmQ,bubbleGaga52,0,33,38,False,False,False,False,2
24e73842-3a89-4094-8023-a20965606801,RANKED_SOLO_5x5,DIAMOND,I,wMClz9fEMqZAuHv0o-b1jyMudXPTg4ociPD9E6_yFGUq8ZSJ,TSM GnomeSlayer,75,95,79,False,False,True,False,2
008ea467-60aa-4147-83d5-3f58ebdfc3a2,RANKED_SOLO_5x5,DIAMOND,I,UqpnuyVf6XJvmvkr3OXv5HwFBm3cGQ26zrm5mhH3YfmR7k3k,chingadinga2,20,143,121,False,False,True,False,2
e33c7c2a-5fb3-4104-aeb4-36b9232d977c,RANKED_SOLO_5x5,DIAMOND,I,FIZxeV-mJZX1pXCHuUawx59K8eCbGvfGB3OKzLzwfcAVe_iS,Dood Deed,44,88,63,False,False,False,False,2
9c609cff-2c60-4254-a355-13707074af6c,RANKED_SOLO_5x5,DIAMOND,I,qEcUzRJQ9Qn6Rqbi5rOiyAwCGFKZmlfYuFZ9MdDu6k_4upmC,HeavenlyLynx,46,87,101,False,False,False,False,2
e573b1df-0300-45cd-931e-d86b33bc33ef,RANKED_SOLO_5x5,DIAMOND,I,rFxwXFpK8Q9d8fyYjNpLGd4Wiku-lHTO9wXVY719rI0TwyTe,Dumak,26,65,72,False,False,True,False,2
71a5effe-426e-46f9-80d7-d390272eb5ad,RANKED_SOLO_5x5,DIAMOND,I,303ug6shZ5ultjgzztdv-o2nYIZrMl2gpIoL0YBG6IB074yo,Zhazhahui,79,35,35,False,False,False,False,2
e33c7c2a-5fb3-4104-aeb4-36b9232d977c,RANKED_SOLO_5x5,DIAMOND,I,LfOUZc-9KiJ8qT5JJ0C8mzFcgr9xs2-xriOlQinOAgnPluKR,BobLittleBacon,75,33,30,False,False,False,False,2
ee8ef765-b1d5-4187-9063-bf6a262c44ba,RANKED_SOLO_5x5,DIAMOND,I,8jdzzBRuQE4BtEjh9Vc7vcoP3Dmp9ON9rKbPqgQAg8hGB6Wk,MiD Is NiCe RoLe,75,102,70,False,False,False,False,2
322d0c73-09a7-4e9e-800c-782e01f9c96e,RANKED_SOLO_5x5,DIAMOND,I,vfP2x0NYhSo7YkJWNB38b6G0sXMvWTNVUvcGYurtTKtPAZK2,Snoissyba,0,29,28,False,False,False,False,2
06086440-e17f-4785-9754-87d159580d7d,RANKED_SOLO_5x5,DIAMOND,I,HmbL41zw7xQRO0WZdn_hkA4aRYjKb1QiU4iHLpr4wNZSOi-N,June 4 l989,33,87,44,False,False,False,False,2
e4f02f36-0255-44f1-9b52-4701cadd9588,RANKED_SOLO_5x5,DIAMOND,I,DAP7W3UnvSOAMNy4DJK7bacdhTDmQOKFRa3Fwp9LqtStDHhk,lifeizpain,15,38,41,False,False,False,True,2
4e9c335a-e775-42d5-8579-f99512352881,RANKED_SOLO_5x5,DIAMOND,I,5gc2eZ1uebwljN7W2BMv9YMTsm8MHAf2Snt6-3ugi4lGRi4F,any clashers,20,60,43,False,False,False,False,2
8708094c-897a-4e9e-a04f-ae4a240567db,RANKED_SOLO_5x5,DIAMOND,I,z0mQMa87S56uCozB7QISCzHs0aGw78CgyXOvrMuMRwkUMTCH,Saucysaja,51,59,51,False,False,True,False,2
7cfdf391-eadd-4cfc-847e-3e77663378a5,RANKED_SOLO_5x5,DIAMOND,I,nV8usAUqoqpEsdG-8DUn8_n1u9hBGTbLYaLt54Gy1ssnijhI,FootFinger,75,81,44,False,False,False,False,2
d570cc92-4d67-4500-a478-cc88a17e6d02,RANKED_SOLO_5x5,DIAMOND,I,UHAfBcGQ89GyvsGlA07w8sQJ8BDYKLi6uCrm7wX3ih1HD1Wo,Panda Crossing,51,37,44,False,False,True,False,2
a176b4e4-fe9f-456d-b34f-ba008fbf1bdd,RANKED_SOLO_5x5,DIAMOND,I,0Rm9hpMsg_Nsy9fqEvGLNdr18DyBt8sXrCYdSO6cLwFO66_Y,natez30,0,32,42,False,False,False,False,2
0dbd9592-b112-478f-9a2c-4a4a58bda082,RANKED_SOLO_5x5,DIAMOND,I,Kg91epPiYaRVr6qYwLjCN3fzUBjoDkMhd-Jv4ONvjehT03gP,03x,30,52,50,False,False,False,False,2
4498092c-4719-46b2-86b1-b04804b19976,RANKED_SOLO_5x5,DIAMOND,I,j-f3MT4jQr2HNfItO_wxoPyBnBGI9N0xIq5XG_vDq0Fx_13l,DripGod05,75,162,157,False,False,True,False,2
de3b53b2-1257-45a1-9eec-310ddba27cff,RANKED_SOLO_5x5,DIAMOND,I,GA7Fe7DAhrVJ8u_3mTK2q1F-g5Q2iAki07dn-otk9WQLNx3N,Lonso Heaton,64,102,112,False,False,True,False,2
77b10a6a-7ccc-48c4-a10d-7487cb703e7b,RANKED_SOLO_5x5,DIAMOND,I,5o3oawcn7fFK66BBtjA-ADINfKm4lqMzlGg7G80IYMBF0iHe,Artemannael,71,32,19,False,False,False,True,2
6b7dfa74-7ecf-4708-90cd-d508ebe15808,RANKED_SOLO_5x5,DIAMOND,I,ULMf1dWrggKliwEjlthCFb9fGvq4gS-9aUgdmPJT-Rj_60nq,Stalling,0,23,19,False,False,False,False,2
b11b2b2b-0133-468a-866c-af17715459d3,RANKED_SOLO_5x5,DIAMOND,I,stLQyH9nEqRVx0IIbtE5Ggs3xrQN1UFt0yOJZsZRi1EAMRrd,ÐĘÀTHØRÐłSGRĄŒ,50,129,112,False,False,False,False,2
1a39eac4-e119-4519-b33f-933f602d1472,RANKED_SOLO_5x5,DIAMOND,I,KkM-8DQoGtL--MhffO4EIgkjBoHMuH5VxqyY7Mluxg_nZGqD,kckim,23,83,75,False,False,False,True,2
481c9863-1d33-450c-8761-c3086693d00d,RANKED_SOLO_5x5,DIAMOND,I,erCWRFsDhklwiCMiN06Yo-7_qryVFsPVrG4uW4Ho93X7TFP0,TokenBishonen,56,85,86,False,False,False,True,2
b88a0678-c485-4820-b6e3-41ff0c98c661,RANKED_SOLO_5x5,DIAMOND,I,1zX85T3UiHjtKTVRWQVp6yog9Qkw_3AOF_LgMopIFTYBx2zS,RG12,29,87,50,False,False,False,True,2
05456ceb-56b8-451a-98d2-809d59808548,RANKED_SOLO_5x5,DIAMOND,I,l6pgCBxOl3XMsMr9KrQfTigA40a52BIXn9W2KJ04HX1cdv4n,BONGRIPSS,0,13,11,False,False,False,False,2
fb86c207-1652-4cdf-a25b-37feeb43248d,RANKED_SOLO_5x5,DIAMOND,I,59cEBPqdSYlDF8QaTm-tGftj9QR9GRl2IWwb7veaWrOOcXc1,callmebaby,75,33,20,False,False,False,False,2
936881f3-b33b-48f4-bc68-03a9f4b46b9e,RANKED_SOLO_5x5,DIAMOND,I,DpoBz4mh2oci0CqC0Djye9IzTFYvB1B9l2OGDiw0KoypfsOc,I am Koi Liyuu,10,32,22,False,False,False,False,2
0bd2dcbf-af5d-49c2-95ee-019f880af4d7,RANKED_SOLO_5x5,DIAMOND,I,y2FQvJrNKrVCaagYl4wrMkR_WF1pni2IWgKuVOjarsOK98yM,Bubbleneck Rick,75,72,71,False,False,False,False,2
6d098706-dda9-4497-9f22-c4637b1f84d3,RANKED_SOLO_5x5,DIAMOND,I,rIZ0JAesCoPI2dAaROpZUYKglyKPI7mIfWMQkDdRcNT40I43,ELO TERRORIZING,75,86,94,False,False,False,True,2
087f5641-2447-47f0-af12-0cf26bcb7130,RANKED_SOLO_5x5,DIAMOND,I,MZLpBgVFpWjan9PCTmtU61x9CghyvtSWoBO_7IKSi6BHO95M,Tyłer Durden,25,169,139,False,False,False,False,2
06086440-e17f-4785-9754-87d159580d7d,RANKED_SOLO_5x5,DIAMOND,I,xUid2mbtECr-1pRmU-134WLvdbz4lxxxxrztR36b9zjgD8tL,pekin woof lover,98,56,44,False,False,True,False,2
1c3bc95d-6fd7-4c8a-b07b-1e065738f07f,RANKED_SOLO_5x5,DIAMOND,I,FKELPuO5kWWs9qGTEGsiGEMUpk1Go3BB2SNuSuX_YI0RN2Md,Cold 273ºC,0,117,124,False,False,True,False,2
ce3deccd-e0a3-45bc-a4d6-a0fe1c47bdb1,RANKED_SOLO_5x5,DIAMOND,I,8YWeCphIfw6K7MyExz0kxMvdqo-_MJnP45MzUme4SrgApTQ8,37Rain,40,217,234,False,False,False,False,2
1d4cf31a-f058-45e5-ba42-4572bc6b0271,RANKED_SOLO_5x5,DIAMOND,I,-4rp_eamh_33foFBY-39o5zepXrduO5VUnrezHvpQskIVr4v,V1gorous1,5,139,143,False,False,True,False,2
f2c01771-a8eb-4427-abc3-964833a417ac,RANKED_SOLO_5x5,DIAMOND,I,-De12Tu2saIIc9TWOgJFsnNmDADE5cfemXNwbkNdzHjtBuxw,ghetto smosh,82,28,20,False,False,False,False,2
d53dad47-45b5-4035-b3e9-d9ade14f3da5,RANKED_SOLO_5x5,DIAMOND,I,qXzGBWkaRJouiQSB4thq5QM0htUcS7s-L18e60jW0DXBQ6-k,Toayín,18,52,54,False,False,True,False,2
f12053e2-e023-4b05-a13a-854e6c0b2112,RANKED_SOLO_5x5,DIAMOND,I,-Zg_CfM6H-qZSYei2P2ts0fKuNuZWzq20PzGONEVf_7XfTCf,Survivor 67,4,16,15,False,False,False,False,2
8e0e9012-d529-4f1a-b2c5-90d2a55bd4ed,RANKED_SOLO_5x5,DIAMOND,I,vowpmL_aUOYWMK7Ups5Hge9OaIU95xVP5DCcrOMKtE7O05tX,08 21 2004,25,103,108,False,False,True,False,2
bb889e38-90ba-4177-ae1d-508eef475fa0,RANKED_SOLO_5x5,DIAMOND,I,Dm6CEZP1aXGTixeVyFkstKz0menZzglduA1Hq5NpicWPo-CB,crazy erect,34,103,91,False,False,False,False,2
511dc3ad-306b-4695-9ece-2366d60c3f3f,RANKED_SOLO_5x5,DIAMOND,I,bv0zaePcaqzqZHU6pxRSd5l4AlKShg_J--vqAWuUO0s2XvUl,XantheaVbV,0,30,30,False,False,False,False,2
b07a666f-f176-4383-b1b2-7c424aff9761,RANKED_SOLO_5x5,DIAMOND,I,XNdHQrD7N8Tnet8oHb1gOSL1LER1Obtq4DU9V6TROKhLdf9e,Yüta Ókkotsü,25,30,31,False,False,False,False,2
a8f734a4-b13f-45cf-9969-1bf348b352fc,RANKED_SOLO_5x5,DIAMOND,I,IRhDRAk4SvJauPACQP3MBxj8g10-EDzqQNo_6A7tvBh8yQXK,FULK,75,66,67,False,False,True,False,2
8e0e9012-d529-4f1a-b2c5-90d2a55bd4ed,RANKED_SOLO_5x5,DIAMOND,I,vowpmL_aUOYWMK7Ups5Hge9OaIU95xVP5DCcrOMKtE7O05tX,08 21 2004,25,103,108,False,False,True,False,3
bb889e38-90ba-4177-ae1d-508eef475fa0,RANKED_SOLO_5x5,DIAMOND,I,Dm6CEZP1aXGTixeVyFkstKz0menZzglduA1Hq5NpicWPo-CB,crazy erect,34,103,91,False,False,False,False,3
511dc3ad-306b-4695-9ece-2366d60c3f3f,RANKED_SOLO_5x5,DIAMOND,I,bv0zaePcaqzqZHU6pxRSd5l4AlKShg_J--vqAWuUO0s2XvUl,XantheaVbV,0,30,30,False,False,False,False,3
b07a666f-f176-4383-b1b2-7c424aff9761,RANKED_SOLO_5x5,DIAMOND,I,XNdHQrD7N8Tnet8oHb1gOSL1LER1Obtq4DU9V6TROKhLdf9e,Yüta Ókkotsü,25,30,31,False,False,False,False,3
a8f734a4-b13f-45cf-9969-1bf348b352fc,RANKED_SOLO_5x5,DIAMOND,I,IRhDRAk4SvJauPACQP3MBxj8g10-EDzqQNo_6A7tvBh8yQXK,FULK,75,66,67,False,False,True,False,3
ffd0e84c-e39a-40ae-8eed-64f13a54f69f,RANKED_SOLO_5x5,DIAMOND,I,Z_H2UKslruoe40f4JTqgEJXUN9QUA3EK_CAI8JQu81DQvRob,Xan1924,99,138,130,False,False,True,False,3
15df4ad1-8394-4506-bf30-d867efdc5dbe,RANKED_SOLO_5x5,DIAMOND,I,2hKhsXeq_KEgBqTlHPfHGOaCo1bRm4VgnzemuQeebRNxqllg,Princess Azula,75,59,56,False,False,False,True,3
74bcebee-bdc5-4985-bcbb-b73ce1160ed6,RANKED_SOLO_5x5,DIAMOND,I,xERGVFmd2FHvbxQxCFeNtGr3XNqouP0AQE8ucR4wXn08vBfE,Clos3r,75,24,17,False,False,False,False,3
ac4fb79c-1bc7-4d0c-9109-16d65c6160c2,RANKED_SOLO_5x5,DIAMOND,I,KtVegUwr5gCbAfZ_YZxSmaq7D1T3zznNBcAyAS238UrzJ6sQ,Nadal,49,105,90,False,False,True,False,3
087f5641-2447-47f0-af12-0cf26bcb7130,RANKED_SOLO_5x5,DIAMOND,I,PkUq9ARXjHe2I-b77LfxkC0OP8H7T-kHSXSgYIKXyWmlZOyh,Mairlufu,51,123,108,False,False,True,False,3
9ce17058-23b0-4dbd-967d-f121471ff691,RANKED_SOLO_5x5,DIAMOND,I,ry6q2MWKm8q8SaEcIIlhTEjevfY-JlADLajWmeL4sqGZv02R,plasmal,63,78,61,False,False,False,True,3
e423c413-78e2-45d3-a4f8-2437c3ce2cd4,RANKED_SOLO_5x5,DIAMOND,I,Ond-hlTAmvD8mX7yBaDWVD3-Ahz5s7tboaY_ys8wUtWR0Eyx,Mysteryz1,7,21,21,False,False,False,False,3
b4b40349-c81a-476f-8d31-45a65ae1f44c,RANKED_SOLO_5x5,DIAMOND,I,A2oW0k9WuF3w6SDOnJo7o0pE25f83PVydh-ee24M07QKwnM_,joe jg,7,17,12,False,False,False,True,3
3bf76eb0-8563-44f9-870d-f955806fb0b7,RANKED_SOLO_5x5,DIAMOND,I,DPUva3510qdI12TxQf7_6Scz_9D5PPNAnG8RAVKAqH-qPxyf,AIpha,75,92,62,False,False,False,False,3
52bd0472-ecf9-438d-9086-353cd8f76ace,RANKED_SOLO_5x5,DIAMOND,I,TeobxKv_ZujiOMFSefyadndXyF2xCnuZwB5y-GF7HTyPxYd8,Thunderfury Tank,26,25,23,False,False,False,False,3
42db989b-041b-4772-8a6d-868ec0edb31a,RANKED_SOLO_5x5,DIAMOND,I,0rXHcrU1jPusqYAHe2aejD4paUN3rBDejybaTUetaw_XntC_,CR Kachu,53,14,8,False,False,False,False,3
36b57655-387a-4ab6-b4d2-1152765d4f44,RANKED_SOLO_5x5,DIAMOND,I,G-acNpGEwesqmLS7nC8A9Tvn12TgUL1I4ikvkEmZtFLNEb9w,ADC SEASON 10,34,22,21,False,False,False,False,3
0f00f12a-49f0-492d-b85c-e95a1fe2872f,RANKED_SOLO_5x5,DIAMOND,I,Y65gtmIimbcjcCzBWnED35MvPOosBKC_uNMJ_-Qgnqfv_uZ5,The Nine Tail,75,48,46,False,False,False,False,3
44ce8bf9-a03d-4b89-846b-e05c0609d3b6,RANKED_SOLO_5x5,DIAMOND,I,9Sd8h-b-8N3o7hH-A-UMYx0PZuzNEX-qH2Rs5e2dPsmQk_I7,Prosesamall,12,41,48,False,False,False,True,3
6c4e827b-9304-433a-b1d5-6a9816e9461a,RANKED_SOLO_5x5,DIAMOND,I,LQr5csoV7kwmfUsYr4Brt_AlfJR8AeFLfwmDis9LUXHxOMOT,RZX STUDENT,0,163,158,False,False,False,False,3
5f417e8f-00d4-4b2f-a312-e490ce02109f,RANKED_SOLO_5x5,DIAMOND,I,iurpFVo8aW5T30Iu0LpyqXF4nSwoBsYP3zhI_ZgkwBiwoshp,Cerendair,0,75,76,False,False,False,False,3
d534303d-25df-446f-b584-b0f219713c8d,RANKED_SOLO_5x5,DIAMOND,I,u23GqkfR6btFK8V3ZIS_1Y5eZcajzi9yiHlSQiC3VvQe1BH6,d1rtybandaid,0,166,157,False,False,False,False,3
a8f734a4-b13f-45cf-9969-1bf348b352fc,RANKED_SOLO_5x5,DIAMOND,I,UoSOzAJ9S5g8WGE7nI4qO4pCKgkLnS0bLIJ3qBLjEEgl4lJ7,NoBrainKayn,17,121,93,False,False,True,False,3
065ac9f0-47da-44c3-8e8f-e565ab63eaa3,RANKED_SOLO_5x5,DIAMOND,I,recr-CQat2UwQd6BSqLy_YgEycayMtV9_e0sAM4xrg788Ltu,Lugobhaustav,24,70,42,False,False,False,False,3
06086440-e17f-4785-9754-87d159580d7d,RANKED_SOLO_5x5,DIAMOND,I,HpwjCmBd2LhWzKXUd2BZ57nppvQ0DNiOWOFeNJuPSDX2RfRw,Leovalig,54,20,18,False,False,False,False,3
edadaa01-20cf-4d00-acfb-e44e1010a704,RANKED_SOLO_5x5,DIAMOND,I,SMv6XDdByqANLLBbkfehQfV7MTOLAfgPctubyg6uvJPkCD1F,Pix is a Faerie,5,18,16,False,False,False,False,3
79f23cf8-e7e5-4308-af7d-e672dfb60d5f,RANKED_SOLO_5x5,DIAMOND,I,t-mXLe9eWASPyCc-8KtH75wjjf9MFNhWImZBLVxrN1Yn5BWB,eren yeeha,75,15,12,False,False,False,False,3
1fbfdbd7-0eb4-4cfd-ba31-06564e11aa8f,RANKED_SOLO_5x5,DIAMOND,I,tmGNl7KR8NewBVN-RhQfLTZrcJM0RMSx5cWLCtay9eI7spWS,DarkHussarr,75,83,66,False,False,False,False,3
eeae58b8-be86-4f7e-adcb-db8843a539dd,RANKED_SOLO_5x5,DIAMOND,I,FUsGOlvu-NHep20n5D-jwL1Uwo5TqCiSVqpnr4I69UcJa7-n,Rixi,44,186,178,False,False,True,False,3
ffb951e3-9d5c-41d7-87d4-658f1c4f29f8,RANKED_SOLO_5x5,DIAMOND,I,aNEycTVoQCcoW2tzY7aUvijKoIuZNoliXyQp9xEtCPZViDe-,EmilyimvVaG,94,17,9,False,False,False,True,3
0cbbf15f-11b9-49b0-b32a-fce1d0e44fcd,RANKED_SOLO_5x5,DIAMOND,I,M3iqkCMPeu49bqgjo8CfqjpPHTxTcA3h6kfzkKJUgQHN7qx5,purulent,19,118,96,False,False,True,False,3
101dc037-ff99-43b5-9b3d-50b42788aac2,RANKED_SOLO_5x5,DIAMOND,I,vp85kXHUymDB5247m4IZCfBBzpsnAJUPDNZ5iC6_x64Pq0Pr,TaimoTop,17,26,30,False,False,False,False,3
95392cf8-ea27-4ac4-8ba2-ff1717be1ab0,RANKED_SOLO_5x5,DIAMOND,I,1vwlJBQe0CB6aKzcUAWu7qya7t5aPfBG5I_smM1tbKoQT4QO,TheBigMuscle,70,91,77,False,False,False,False,3
c7710005-cc6e-40b3-88b2-386ceb59cb9e,RANKED_SOLO_5x5,DIAMOND,I,ZV89WnR_1CiYgYm2PUdMwGQdG6tIDOtGfEqIbLM-d5nDENs8,ninnja,60,174,184,False,False,True,False,3
df16038d-6a77-4ef2-bda9-0cbbb2503155,RANKED_SOLO_5x5,DIAMOND,I,HfYmMSIjXXnVg59F6gjOa1_FP09HUMZWj38f4DRs5h5wvVW5,Omegie,75,76,64,False,False,False,False,3
e3ec7ae4-1bd5-4ad9-8c99-3d2e8e7e73da,RANKED_SOLO_5x5,DIAMOND,I,GKAKf0jl5WybNRl78BZqNj9mNpp2a8DOrei7UheeSrI6mZKw,KHANnasaegi,0,23,16,False,False,False,False,3
f12053e2-e023-4b05-a13a-854e6c0b2112,RANKED_SOLO_5x5,DIAMOND,I,Rx_VBfCwpkE8tLF0_8JXZLXExS2uxQ1iDiWC_w9V1x7iJU00,A Storms Coming,75,37,28,False,False,False,False,3
9dfe2802-b98e-43c7-a347-540a2338d47d,RANKED_SOLO_5x5,DIAMOND,I,33BBtEMxLDCdFBicOB0noYq3wzFvF1o7xhAPYfDjq0ri0iWQ,c36ar,35,101,94,False,False,False,False,3
6b7dfa74-7ecf-4708-90cd-d508ebe15808,RANKED_SOLO_5x5,DIAMOND,I,stQ3_08eBL8sR5YD-V9FbA9yN46fVBV9_R9O8frRj9UdxcQh,instalock sion,10,28,24,False,False,False,False,3
50cd4bf5-563b-41ce-8855-b57d2346a9b3,RANKED_SOLO_5x5,DIAMOND,I,H97kqVoQ1sBcpmRhDC78bd1pJgxgWtMkhjln0mPusNF0GVwh,LEO99,78,19,8,False,False,False,False,3
33c6d6fe-c9e3-4208-b273-1c7005582127,RANKED_SOLO_5x5,DIAMOND,I,8DXB022yBEnaR8c5iF6A2fbsgKInNUXIqA3yaaUCDqbdbecz,XZD,75,98,106,False,False,False,True,3
8eacfaa8-d3e9-4df1-822e-5d16dcdcca17,RANKED_SOLO_5x5,DIAMOND,I,r1BYQROVsUfY7iF8Btm3D34YedLbU4fotbjkX3kaiX65G9Ty,Plat Players Suc,96,76,62,False,False,False,False,3
3e5f7fec-13e4-4af7-a373-bfe5f2994a7f,RANKED_SOLO_5x5,DIAMOND,I,viiDOCcgIf4lE7t0FYA9euhJ6KaD2pi-KV9eCSxs_EMVFXCv,3002 90 03,4,35,25,False,False,False,False,3
8516bf78-9b3e-48ed-a632-1279245081ec,RANKED_SOLO_5x5,DIAMOND,I,sPZ51MqgSuv9he5DP48XOe9cbsUy0Lx6hkafCswaBCYYG1li,TACOBELLMASTER69,0,116,117,False,False,True,False,3
c85b0019-be21-4ae9-b51f-3ada21eac0f7,RANKED_SOLO_5x5,DIAMOND,I,AkCOL41mwlWnVXb_uq3UpFYzrZOnsNbQAOJLSZbMMhaL-FWJ,Final Caress,30,131,119,False,False,False,True,3
5598cdf1-f00d-40c5-8106-032f44bbbfcd,RANKED_SOLO_5x5,DIAMOND,I,1uCvXz00DFDCA6Rj7qpzd9lNlFd1vMhPBlj2j9_urKah9tVa,Pavolia Reine,0,43,51,False,False,True,False,3
dd0d9cee-1954-45fd-bf9c-8a1f4ec50147,RANKED_SOLO_5x5,DIAMOND,I,3zSTs6LfM95gje5xQk7ytIHNFt6hU8pbndCeX-AG0Lnlhdvv,Be that way love,75,121,106,False,False,True,False,3
451f5c03-a443-4588-bfcc-7b75d1855f15,RANKED_SOLO_5x5,DIAMOND,I,w40JirW0yXLb1JmeOXhQMYKowZZSqI7DsgURzpZWJHsOA02O,Angela,53,109,110,False,False,False,False,3
3b61089a-84d9-4608-976e-95aa4345ff3b,RANKED_SOLO_5x5,DIAMOND,I,dSd1dpv1trUMOzLLdyf4zK2pGgEkde3ne7Z6tfJIIdJgeiPh,BlackRockShooter,97,64,52,False,False,False,False,3
5dffa7cd-276c-44c1-9229-a7ef96ca7013,RANKED_SOLO_5x5,DIAMOND,I,7QwDFqfzjG5CYP6sRFy9-YPbfCfhkTI3bsjV2tBSAZ5Ln-s7,Risen Once More,1,26,9,False,False,False,True,3
36b57655-387a-4ab6-b4d2-1152765d4f44,RANKED_SOLO_5x5,DIAMOND,I,FP6CckxgYLhX2IxZ2OviE4GOwKVIJXQV7sTTZPeJrOJZssgk,asphyxiate me,75,33,32,False,False,False,False,3
232677dc-dac9-42b1-a450-fa04bd36a051,RANKED_SOLO_5x5,DIAMOND,I,vZ_PUsQnHy7b2H3IHZvv1JLMpSea9Q8aXxGvlgS6P4gTtU7w,BIG MAN BIG LIFT,3,190,155,False,False,False,True,3
58588ed9-006d-4924-a162-10b44b814577,RANKED_SOLO_5x5,DIAMOND,I,tFnPj6mh1LbTevy6_dnQ_pJQWfqoaRXevN-Xypatm9UL8wLc,TribeForce,25,98,96,False,False,False,False,3
e5adff17-5c06-412e-8f58-9ef144ece819,RANKED_SOLO_5x5,DIAMOND,I,0D_9Ciz19RWHCZESEKad8eL-bGpwsnWiAgdaGylmWUq8iXUg,altoidsaddict46,13,113,92,False,False,True,False,3
a2b8bdf9-d147-44e0-84e6-4be7287edf3f,RANKED_SOLO_5x5,DIAMOND,I,AJ5vIzwoEkg-j3qC64jWjnHgE8Blk_VLlw77gK3qXefRX77a,Cashin,58,106,52,False,False,False,False,3
6d098706-dda9-4497-9f22-c4637b1f84d3,RANKED_SOLO_5x5,DIAMOND,I,eWQ30LbvMSdkBCRrLSSHXcDR_tX6jrHkXzRIgD0DBhu8bhiA,Leyonex,50,60,60,False,False,False,False,3
a8e757f6-914e-4c64-bac5-6096bb9f9da7,RANKED_SOLO_5x5,DIAMOND,I,IwFR3gY3WM4UxQ9aNvB8IsIRKOaUrLgHFPpZVxQYojE_hCcS,eMzTLydia,21,182,149,False,False,False,False,3
9661b562-91d6-4633-b67e-9f20867f659e,RANKED_SOLO_5x5,DIAMOND,I,Xl0FdDeI0dGctjvVrfjqb4onbYvX78qINzlJaAJHQj10s5xk,i love rissa,0,78,87,False,False,False,False,3
15df4ad1-8394-4506-bf30-d867efdc5dbe,RANKED_SOLO_5x5,DIAMOND,I,5a233A-9TFnMADtg1u7tF_sS4kACAMdJr1NMJ2JNhhMSS_RX,Black Shiba Inu,82,52,26,False,False,False,True,3
1a39eac4-e119-4519-b33f-933f602d1472,RANKED_SOLO_5x5,DIAMOND,I,Bmtjq-4Adn7Z3KvxdVVFYKgrOOAWOUbKBBR2qbPOOTA3XPle,Guobella,0,112,92,False,False,False,False,3
8eacfaa8-d3e9-4df1-822e-5d16dcdcca17,RANKED_SOLO_5x5,DIAMOND,I,GTLo6Nf-Ra3qZQoNJMT8IOi29Wit5wgt0_b2zGPmxdlSoiov,Breadleee,69,33,27,False,False,True,False,3
42db989b-041b-4772-8a6d-868ec0edb31a,RANKED_SOLO_5x5,DIAMOND,I,bUDJe2LfVNoJA2J2nBhwwbcvUtjFEoZgPeuwzgeJvP9aCsu1,leap abuser,0,132,128,False,False,True,False,3
6c283916-5841-4236-8621-ec4c8ea64c81,RANKED_SOLO_5x5,DIAMOND,I,aflepvvFEdlMpKDK9-Y9rP65xTjMt12JCI2e79NIW_KfyvCv,tôi mê gái 1 con,75,89,68,False,False,False,False,3
1699f341-9e45-467a-8e35-8b0e6063b950,RANKED_SOLO_5x5,DIAMOND,I,yN8CwZ3cNDR1c2CjGkLyYWTKUqJSCmTG6W9c8VCml84m966s,boyfailed,75,45,41,False,False,False,False,3
faf8c8f3-4bc0-43cc-92fa-9b09575591de,RANKED_SOLO_5x5,DIAMOND,I,TXQMbbHi5eiAfLb_aqJVx50URgfAcy2ifCS0VMyOQ1zQvi1g,King Kazi,49,194,201,False,False,True,False,3
fa3b9404-93eb-477d-847c-1a800cb06227,RANKED_SOLO_5x5,DIAMOND,I,e36MlxmwEyQ03lsOnc_PBPPb-JC7v4iKBg0z0FoXrittscyS,yortifan42069,8,50,54,False,False,False,False,3
9ef31643-3179-4d34-a30a-0c3988f121ed,RANKED_SOLO_5x5,DIAMOND,I,9tLL9icz0DDbKgjF4En68h1SQVoaxN5gWbOwHgqo5_8uX4PA,God Rune,0,41,41,False,False,False,False,3
e4e6ab39-5f5c-495f-bbb4-4786544bf4a2,RANKED_SOLO_5x5,DIAMOND,I,Hu_my76K1XQO2TsspJQRJOiggDMR0WPjeq7ucV-GBkYuWqI3,renounce harmony,61,26,20,False,False,False,False,3
2e077ec1-187e-4d09-ac07-66a0becebb8a,RANKED_SOLO_5x5,DIAMOND,I,T9WzU1wDJxEM5gzXpm-BadqXyx-snqfNWrwZt7yJC1pyA_7A,Yahgi,0,20,16,False,False,False,False,3
1ce3e8bb-a043-41b7-b8bc-bff3254eecbd,RANKED_SOLO_5x5,DIAMOND,I,6MIUWO1VYI33Z3XaGHoYgZWMCtlugHWKFyI-ECcUozZSaV5U,lendsonya,75,147,133,False,False,False,False,3
36b57655-387a-4ab6-b4d2-1152765d4f44,RANKED_SOLO_5x5,DIAMOND,I,hNMjrw-Rv5b_2mS-Lw0Z11XGE7riA6HFmHvGwwM6gkDJ7sVd,dunksquad102,75,48,40,False,False,False,False,3
0cba3359-5618-482c-b4b8-606428c38d68,RANKED_SOLO_5x5,DIAMOND,I,ma2Av5xbPgeVyd6pvruRSWZFVBLPddLm9H_m5Pun7IjuzRCM,NEED MINOR,32,86,44,False,False,False,True,3
54a9e94e-e8b0-45ab-9699-08c3b73b4ef8,RANKED_SOLO_5x5,DIAMOND,I,9LNUD8_Hno3UjNxKDr5yGm5nmW8aUpTRs1OoUHPkLSrpZ9GC,deeft,36,34,28,False,False,False,False,3
481c9863-1d33-450c-8761-c3086693d00d,RANKED_SOLO_5x5,DIAMOND,I,cjQcZhgHTSjYm0j7Yetlja2yY4QpfO5-nQE5PeELvVobemux,Spaceisvast,33,91,95,False,False,False,False,3
c85b0019-be21-4ae9-b51f-3ada21eac0f7,RANKED_SOLO_5x5,DIAMOND,I,jkpXfMsT8XlKOfCF8vukLCZw5vNylGRESL0NWnxBkQjPi1mf,Hytales,27,95,85,False,False,False,False,3
e52edcfd-1137-4930-bb19-12a159e9ffa3,RANKED_SOLO_5x5,DIAMOND,I,s-XwWx5b0Aj9ZReWj7QCPb4i375uLr-b2JebZOqnGW7hLJq3,Biancat,15,25,20,False,False,False,False,3
467eb0b5-4bbc-4bca-a52c-5c09fe350e30,RANKED_SOLO_5x5,DIAMOND,I,YtnAIK7tZefRmT6kM_ONDSPPnKN4RuvSW78ibIS9vI-_NSHm,ASTROBARD99,75,84,82,False,False,False,False,3
1ce3e8bb-a043-41b7-b8bc-bff3254eecbd,RANKED_SOLO_5x5,DIAMOND,I,OCsnCCuHizc-rQHDHvU6E6U50naz7ACfOTV1IyENu8JFRPip,Minnya,75,49,44,False,False,False,False,3
c6bea803-98c8-419b-bb59-12eff60da23c,RANKED_SOLO_5x5,DIAMOND,I,FoY7cMV2PK3ATqqu9k6x0ZRPnF3z-j76_Ow28LRCjJSXuBZv,hot stepbro,75,53,32,False,False,False,False,3
401aa7c6-2f65-4e8c-af25-3411c41347c7,RANKED_SOLO_5x5,DIAMOND,I,sMJ6tUW6BHsVpnjnZffzOTtcLDoc8yoJtC2bLoWD5lCK7CJL,Baek Yijin,46,34,30,False,False,False,False,3
fa45b74b-09d5-4293-b644-521ccee8c663,RANKED_SOLO_5x5,DIAMOND,I,QfInQ-pStccQpjz-t2xeIhyTSVGIS5EJnjxDiIPhq2TOUaEI,Till I found Him,3,22,17,False,False,False,False,3
8f843e31-11a7-4a8e-a8e9-2a84b07c9815,RANKED_SOLO_5x5,DIAMOND,I,pW0_QzlJdWTlKjPpWQT2hfX7mAOagx5DT8o1ob4VgDgmCiOp,Dark Paradise,1,9,4,False,False,False,False,3
b2ac7f9f-9ff2-45c9-8fa2-f5fb3e7e068f,RANKED_SOLO_5x5,DIAMOND,I,5wDcsrVezz0llL0GXxyHXx2gujGzrupl_c1bOhHZzgYW0wzI,BabyBanana1,75,99,80,False,False,False,False,3
1a2f543b-2a42-4a35-88f2-7782abc0b853,RANKED_SOLO_5x5,DIAMOND,I,GHeYYg-4aFEeFmqY9Dh9j2p4JhjjttmO9gokSyFpgL8Y2GLm,Rend Me A Spear,24,99,94,False,False,True,False,3
415b789a-6162-4e61-ac6f-f75cf9e27cca,RANKED_SOLO_5x5,DIAMOND,I,JwPSK5tY2qReWAKgMxse3vMbQF350UIV4VLVfdNO4QdVFbTf,TTV CozyboyzNA,4,24,23,False,False,False,False,3
7240a2a2-21c9-4062-82ca-30bd65d57412,RANKED_SOLO_5x5,DIAMOND,I,EIgPt1_iWyndykykWXoeThsjc8WNrKBm7IO9rvYFpoC-RNLk,Win or quit,75,118,82,False,False,False,True,3
fa45b74b-09d5-4293-b644-521ccee8c663,RANKED_SOLO_5x5,DIAMOND,I,zfqs2TAk6iH4ssUYJmvFuvpJsDPeARilrcE9rJUJr1QCQ2pH,Kuim1,41,27,16,False,False,False,False,3
322d0c73-09a7-4e9e-800c-782e01f9c96e,RANKED_SOLO_5x5,DIAMOND,I,UXzV3t3D5ky1XRGY9ZGYWcZTT5a3UD9WF9AHqCmkFRMPscyx,MerlehX,62,62,59,False,False,False,False,3
118e9550-7d26-43ac-8a9c-3f861dd0c28c,RANKED_SOLO_5x5,DIAMOND,I,VIHRgvc51UMKteQpBM4rLaRfI0JgiwYXh-Y2d6gJecyiFjiW,zdd,75,31,21,False,False,False,False,3
1a2f543b-2a42-4a35-88f2-7782abc0b853,RANKED_SOLO_5x5,DIAMOND,I,ax_P3bATxlyTYvKKSk2XMZSZYFkU6zwb9raQANCPXHBwby8V,Samaar1,0,102,117,False,False,True,False,3
e360d308-0f22-4dc4-8031-0597c96ea913,RANKED_SOLO_5x5,DIAMOND,I,Zn3rYj4lIuaitwUui8UgkodEMo7J_GDFTaCYfClJyK4KRF17,GomarSixDtwo,75,298,245,False,False,True,False,3
af66f629-3039-4a22-8b51-49b39084eff3,RANKED_SOLO_5x5,DIAMOND,I,lRD6W9CglU0UP2ztVLyr8As2CpjQh9H61UJas_pm9_vdXgs4,StreetNeon0,0,67,64,False,False,False,False,3
a8e757f6-914e-4c64-bac5-6096bb9f9da7,RANKED_SOLO_5x5,DIAMOND,I,XMOvsic9TjPLsNoDTqa6HmGPr9vYD6nc2XSjhX64uwY2bXym,Useless Viktor,4,11,7,False,False,False,True,3
b3424985-0166-413b-9cdd-11a729438681,RANKED_SOLO_5x5,DIAMOND,I,xyDzeNwyoxTNMZCxTrIoYN2h2iuVZW0I0zQtw3NhnV-9EqUd,hMmYAugust,31,39,32,False,False,False,False,3
8516bf78-9b3e-48ed-a632-1279245081ec,RANKED_SOLO_5x5,DIAMOND,I,A7G-uVYY5GxMYduYkx1qmRyJ3zZ1dVmY4Ybx4IFxqO3XqKEc,CupOfKitten,68,140,122,False,False,True,False,3
065ac9f0-47da-44c3-8e8f-e565ab63eaa3,RANKED_SOLO_5x5,DIAMOND,I,Y0OPyNgOMgcHOdPCBZdJLHjGq8Zi1TucvTdX7LuVPCr6FyLz,sSdLjAbbott,32,34,33,False,False,False,False,3
e432ec36-5eb3-443c-ac6d-fc510e40dea4,RANKED_SOLO_5x5,DIAMOND,I,sfcEeSdWD5A6mlBTgkVxKHHcg5zL5_WBd0VuJr57B9l8vQQl,asikdjmhnu,75,30,14,False,False,False,False,3
24e73842-3a89-4094-8023-a20965606801,RANKED_SOLO_5x5,DIAMOND,I,FLtfaLwly0Ppt5HjDGx6-oHD6V7dydjOkJHFf6VDeH6SEs1l,gJoPuNMontague,75,61,37,False,False,False,True,3
11ddf2a9-958d-4652-a0d3-cd169e75d32e,RANKED_SOLO_5x5,DIAMOND,I,qqX608p58rxR7pni0rJc1kX8ChN5NgDgk-7E5arFt81FeCi5,0225,4,66,40,False,False,False,False,3
5d7d2282-df4f-4e00-acf7-897779e52975,RANKED_SOLO_5x5,DIAMOND,I,9YlFOJHzwLyswahPFXKv3zTS1TwEPuQhzoOieietHW7EdMQP,Occidero,65,37,29,False,False,True,False,3
087f5641-2447-47f0-af12-0cf26bcb7130,RANKED_SOLO_5x5,DIAMOND,I,I6sfe1X5gvSkgSQiHAOfdvnCNhUGSsT0ZHzBYS7SvCjl9Ipf,JoycBl,35,26,19,False,False,True,False,3
4e9c335a-e775-42d5-8579-f99512352881,RANKED_SOLO_5x5,DIAMOND,I,s8gJbcY0yGslESuQYCh83jLGDBirsDW-jdWbdu__CQWXfRwR,AngelKittenn,23,87,83,False,False,False,False,3
71a5effe-426e-46f9-80d7-d390272eb5ad,RANKED_SOLO_5x5,DIAMOND,I,EFAbmwG581KaaI_Ua3Ni9lbNOJ4Z9-L-K1jYqsMbWgR3xQD8,engaging hostile,75,37,28,False,False,False,False,3
1699f341-9e45-467a-8e35-8b0e6063b950,RANKED_SOLO_5x5,DIAMOND,I,oYIxoLb0HBYhL-YqygG4ktdP6sAtWyyjLbPBOyLcp8zOGcNW,Shortley,75,59,63,False,False,False,False,3
5dffa7cd-276c-44c1-9229-a7ef96ca7013,RANKED_SOLO_5x5,DIAMOND,I,i5Jx682Or7Q_hJTcroiDFYGHOzHUjKOwfm6kNpe9DxUPCV3K,Luri,19,93,91,False,False,False,False,3
1d4cf31a-f058-45e5-ba42-4572bc6b0271,RANKED_SOLO_5x5,DIAMOND,I,ZBs6pS8zlMQnfzNNZlfvUKPdfaFIfBbQ-utN2CJgDTGg_xTL,Latence2,75,28,18,False,False,False,False,3
54a9e94e-e8b0-45ab-9699-08c3b73b4ef8,RANKED_SOLO_5x5,DIAMOND,I,6VyOnbhl-1a5gFRQ2kOuTr5XBwzzvV_JtZxyLTO0yU_jg2zL,llun,34,11,4,False,False,False,False,3
fb86c207-1652-4cdf-a25b-37feeb43248d,RANKED_SOLO_5x5,DIAMOND,I,gZRQnK2UmeRnnjQjLlFpSVD1CeNzEhPU-GflT06EkVyKZBSj,NCSWIC,3,145,117,False,False,False,True,3
e404959c-d0e7-4043-b7d9-4daa17e8eb3f,RANKED_SOLO_5x5,DIAMOND,I,ZAUfnIj7UaYc3b7W4ePYNoK798Bw0IWxUy0L6kTNZ2MAusna,BillyTendernips,75,47,49,False,False,False,False,3
53e33cac-53d3-44ba-804f-5509872eb27c,RANKED_SOLO_5x5,DIAMOND,I,y2_lufLCHPwwoJRBUbTIlCY4v6oUxxhMEMxjrJ9pYuf16UdW,Wzecˇ,75,55,35,False,False,False,False,3
3a44ae7d-b602-4702-b8df-e38b2d139cd6,RANKED_SOLO_5x5,DIAMOND,I,YwGp6mo-OOxMN3o9Wv0jDqwcVZT4Ei2Be-3N9pqBJ5YwOVrg,Almighty,67,26,24,False,False,False,False,3
2d04b388-9f9d-47b6-9276-a93b23da6077,RANKED_SOLO_5x5,DIAMOND,I,5lDsradidD14J4ATEngCpVyc6DOtbXHSqT49C_9Uehr4WA-u,WINCHAE,75,81,58,False,False,False,False,3
415b789a-6162-4e61-ac6f-f75cf9e27cca,RANKED_SOLO_5x5,DIAMOND,I,zdlxPqVolhzclqFVmTOKAWwk7wWcBbmgr-I1YI4IebyLNMBI,Ryutaro Nonomura,0,55,62,False,False,False,False,3
9672a5e3-aed9-4977-a98c-ee2c0162ad20,RANKED_SOLO_5x5,DIAMOND,I,mEzDUC1W0Gmtdu5ZWxmxvBbxpM6GX-DoyHUAUzUUJelMFpxU,DiIdoBaggens,49,140,141,False,False,False,True,3
c85b0019-be21-4ae9-b51f-3ada21eac0f7,RANKED_SOLO_5x5,DIAMOND,I,VdbjKaKDJQX5Y2U-aQc8FCBSMsln3gO2AGQkffaaJW6XnwZJ,bulworc,75,42,42,False,False,False,False,3
7240a2a2-21c9-4062-82ca-30bd65d57412,RANKED_SOLO_5x5,DIAMOND,I,DuTxTy1TssVwFQl7ge9VYobXNdyK0NIqGQQBEt0vYpOGLgJC,am tham ben em,75,125,103,False,False,False,False,3
c5728ed4-c8ff-4028-a479-216ed2bb509f,RANKED_SOLO_5x5,DIAMOND,I,57X1LpLNy2bYz-TbpwekEWj01Yo6DK3FIsIFG8pH4AF8DjrL,ADCKINGOD,0,35,33,False,False,False,False,3
5d7d2282-df4f-4e00-acf7-897779e52975,RANKED_SOLO_5x5,DIAMOND,I,nDoxvwerb3zjeIMWyxB1KbAap-To0zXD94fDT5F2weFLmMTj,SymereRenji,73,150,120,False,False,True,False,3
0ea77195-60d5-47d9-a74c-de9e44264df7,RANKED_SOLO_5x5,DIAMOND,I,ROdGoEMOeTsX-R4t59zU6WQvvGbz2rLD0hQ-XXm7QPfZwsC9,canaryfly,66,269,282,False,False,True,False,3
b3424985-0166-413b-9cdd-11a729438681,RANKED_SOLO_5x5,DIAMOND,I,0K8N7QKa35uQ6UCwMTiD0c6d0bRbMd5Ekwy_CEVZeQEyEzQF,tai kü la,0,22,20,False,False,False,False,3
fb86c207-1652-4cdf-a25b-37feeb43248d,RANKED_SOLO_5x5,DIAMOND,I,jfGeKfIOoqXkPUDe5WVLGJ_hYC5GACNJS7LnQz3Mpd-6H-0g,Hampster,75,55,53,False,False,True,False,3
4bc7e31c-3368-4e94-b210-5cbc2f633251,RANKED_SOLO_5x5,DIAMOND,I,rvhu_8qZUHcYCiQddi-ue4TkQGDy7cj17CWj3ascqHYJer5C,Seolyn,75,47,45,False,False,False,False,3
087f5641-2447-47f0-af12-0cf26bcb7130,RANKED_SOLO_5x5,DIAMOND,I,LpQe0i2-sBf2BzoUoPHiq5c0UYdzaPJkjvpwnE1pEa1AbQY3,ut0pia,75,44,39,False,False,False,False,3
6b7dfa74-7ecf-4708-90cd-d508ebe15808,RANKED_SOLO_5x5,DIAMOND,I,4SmrcY2m-5NhdA3YzyFZ7OdBfCqDK32dYjkQVUXy1hn3OEs3,xRug,53,29,20,False,False,False,False,3
f1ee9741-d3a3-47bb-bb4e-10964a648831,RANKED_SOLO_5x5,DIAMOND,I,WBM7Fps4-MhacpDLRU3grel6srWwBtkmW2ARPojh7LW21ZY6,Fiorasfiora,63,73,68,False,False,False,False,3
b3424985-0166-413b-9cdd-11a729438681,RANKED_SOLO_5x5,DIAMOND,I,1Hcq_Pu6sxYotCWYfl1wQDlruJCt3fLghwu2a2eiZTDOJ78D,dipset,1,68,54,False,False,False,False,3
20c06ae5-1b99-4086-95db-c8d45675a68a,RANKED_SOLO_5x5,DIAMOND,I,0DEaWm5xujXRTJFOFGz79KmYvNHBI99wXjZo5GCdZk1bhv-P,Cheesemind,24,84,71,False,False,False,False,3
8d009a19-3a0d-4fd2-b8db-2174bff27162,RANKED_SOLO_5x5,DIAMOND,I,s1Qe8Ja9AZITwNmt6uKCFuumBpeMH46JQdqUrpjrGt94wPVJ,Aatrox,49,106,115,False,False,False,False,3
1a2f543b-2a42-4a35-88f2-7782abc0b853,RANKED_SOLO_5x5,DIAMOND,I,ALPRacMjTpDllL2_CtuvipS8jnxUQwwNp1FamVZQvL1cyTpL,Kibbelz,48,180,185,False,False,True,False,3
77b10a6a-7ccc-48c4-a10d-7487cb703e7b,RANKED_SOLO_5x5,DIAMOND,I,dNOx91oTonOWdd-VwkNR8gkqIOFTMVNcmG5iwDImBCEQp06x,SniperIsGood178,37,44,46,False,False,False,False,3
a8e757f6-914e-4c64-bac5-6096bb9f9da7,RANKED_SOLO_5x5,DIAMOND,I,ioFUm21h5sC8pxHOpQEONuSsVSxSWf4tUTOqpSHwsnS4oQJv,find bridge,70,80,90,False,False,True,False,3
a8f734a4-b13f-45cf-9969-1bf348b352fc,RANKED_SOLO_5x5,DIAMOND,I,X8KFjIXKZigjR5TsMVIbSifJLVH0f2svgh6vjjuHlXDYZu5H,Moonless Autumns,70,93,82,False,False,True,True,3
936881f3-b33b-48f4-bc68-03a9f4b46b9e,RANKED_SOLO_5x5,DIAMOND,I,vJx_KVX5F6wSU3pCRsszIKTxfKVUa3pCGl5JSSs07lpam_cY,ADC chai,75,91,95,False,False,True,False,3
2f0fd693-c699-462a-975b-7779e54bf51f,RANKED_SOLO_5x5,DIAMOND,I,96n0-fJYlzkqdPMpsVg7KwfbfgO-Vii9bSuElF-bK4O-nLcJ,SFJulez,53,87,91,False,False,False,False,3
e4f02f36-0255-44f1-9b52-4701cadd9588,RANKED_SOLO_5x5,DIAMOND,I,za6k29OAXZqFcA6lVlhB88jvia9AARZOM0oST657QjVOoNwu,Su Bingtian,21,15,14,False,False,False,False,3
d9aba10a-dc62-4504-8241-386295124002,RANKED_SOLO_5x5,DIAMOND,I,4nb09Nx4g2Qjxbji7nbXkyJwbVM_GPibqMQlQFLGC5338Yod,Yones,31,29,33,False,False,False,False,3
15df4ad1-8394-4506-bf30-d867efdc5dbe,RANKED_SOLO_5x5,DIAMOND,I,BsEn9LwBkk9DCziayt-S5ukG2Jo1tC0his_rMrySoGMQ3yAK,Samba,4,27,19,False,False,False,True,3
8427a4a1-f438-4d5b-8045-d3275413eec8,RANKED_SOLO_5x5,DIAMOND,I,l-SBTGUX7rYinPssBADVbdSJZtMEYEXZXkm0-kKa_s8HhJ5g,lata tater,17,69,44,False,False,False,True,3
f0e66bd7-ca0e-4dba-9511-184f2965b878,RANKED_SOLO_5x5,DIAMOND,I,BZnwoaIM9w19ANahl2Sh-X-vjPN57XF7tdsoGJWliy9Pf1UP,ice wizard,44,22,14,False,False,False,False,3
f9d606be-ea86-4e0e-b07c-5cf02788c0a3,RANKED_SOLO_5x5,DIAMOND,I,gKXU6cunX7niS-bH4UqhTdYdCi_z4fPZ9GVPjX2o7ULSM8n1,not13,75,75,65,False,False,False,False,3
4ea37f43-59d5-44f3-b158-12d4aa2d6d09,RANKED_SOLO_5x5,DIAMOND,I,4nHRIW6dDrWRGAPBw1MU8QvlN5c0AwQPyglxVLhGFVYtmSgp,Turquhard,36,134,87,False,False,False,False,3
2d04b388-9f9d-47b6-9276-a93b23da6077,RANKED_SOLO_5x5,DIAMOND,I,XxvjBMtHVa_fDWdCEzTi6pwBgNy0AykBzaNYl5FbvMgLJp7r,the tundra,4,15,6,False,False,False,True,3
4bc7e31c-3368-4e94-b210-5cbc2f633251,RANKED_SOLO_5x5,DIAMOND,I,OR5GlIoNs-1V1Q6tYLMP5Q9UmXbkVGecJEbFfP2YmFAJ6gsa,pi qi,75,56,54,False,False,False,False,3
8708094c-897a-4e9e-a04f-ae4a240567db,RANKED_SOLO_5x5,DIAMOND,I,opVxSMLXo4XhWE4jacc3dg2XX_JwCii0FcpNTaIeWMNW9XRT,vampire queen,1,49,48,False,False,True,False,3
58588ed9-006d-4924-a162-10b44b814577,RANKED_SOLO_5x5,DIAMOND,I,CSUlxacV1Q6Lb3cSmzHS7As5NjVlzSH66_F2fTCK7BURWS4F,Under Lemon Tree,25,25,17,False,False,False,True,3
edadaa01-20cf-4d00-acfb-e44e1010a704,RANKED_SOLO_5x5,DIAMOND,I,ICZektzyS-HPXsg4BlV6ZBnAHp_iy633kua0GrMX1jnX09Uc,Khangsing,6,69,78,False,False,False,True,3
118e9550-7d26-43ac-8a9c-3f861dd0c28c,RANKED_SOLO_5x5,DIAMOND,I,jMjHiICZ79AlIuDrTVXvVchoojKBpjkr0NZjliO_oEQf0t6G,JUNGLE KÎNGDOM,75,33,16,False,False,False,True,3
bbb00b1f-2e69-4dda-be68-33a3838471d6,RANKED_SOLO_5x5,DIAMOND,I,gWhI6619uGZcRPsomPkfPQPiiaxris-brolQ7nWLEQhX3pnh,zJvCornelius,67,69,48,False,False,True,False,3
a8f734a4-b13f-45cf-9969-1bf348b352fc,RANKED_SOLO_5x5,DIAMOND,I,_SjcIvnREl1hcSIQYi0TCEppqvCiWUHPtwgKnCnX7GjKFZRR,FF Execute Team,75,100,92,False,False,True,False,3
a8bb02ef-c623-4ed4-acc8-30f6081c17e1,RANKED_SOLO_5x5,DIAMOND,I,V11M-ujSRxEz8Ya2fmINdOEGYHT0hFl2T0GUfxdffBFojD1I,iTono,31,128,110,False,False,False,False,3
047d396a-aa6f-4b77-9632-17a0f52c5418,RANKED_SOLO_5x5,DIAMOND,I,uJN0pMUWD_n7iUBt93DJu3LRWNLdAFnA78iYvCGL0A7JX_qK,NO HANDS LARRY,11,15,15,False,False,False,False,3
9ce17058-23b0-4dbd-967d-f121471ff691,RANKED_SOLO_5x5,DIAMOND,I,VPXW8S_n3iu1c3LvtpHrYLzO0IDNjD_OAnJikkrERYiKOKRp,perma tdm acc,0,23,30,False,False,False,False,3
7d733aea-c198-41e6-bd79-765c976016b2,RANKED_SOLO_5x5,DIAMOND,I,AJVdmb0OjkMVHh7tB7s4684Pd_ULuD2_sD0uj33qnhgxLqjJ,Moguro,75,101,76,False,False,False,True,3
a8adef92-e6c4-4ade-926c-ecf8debd1a10,RANKED_SOLO_5x5,DIAMOND,I,5Rf4LZasZj2PFKHbXceen7M2kxbRUWIOo6rgnu_94uPgvK1L,GENETIC DIFF L L,0,44,49,False,False,False,False,3
9ce17058-23b0-4dbd-967d-f121471ff691,RANKED_SOLO_5x5,DIAMOND,I,fRWHOJcnGJIbXVbpNLs7qaE-UvNBwYfp0kmwNu1a4JGZg8SL,azazazazaza,46,50,47,False,False,False,False,3
683d3966-b680-48a6-869d-2c88612e5304,RANKED_SOLO_5x5,DIAMOND,I,tFHhMeEaatmsjSIpyeG1HTOMzdT-OvPIfiSBN32BMO7lVtxG,Hyen,84,32,31,False,False,False,False,3
05456ceb-56b8-451a-98d2-809d59808548,RANKED_SOLO_5x5,DIAMOND,I,nQafoigtmo-PgApkR4JZUQ3591nhfaGBYqEdS4mp_gGsmPEp,Arcricea,24,65,69,False,False,False,False,3
5765821d-c396-4320-a32c-7655bacdd1c7,RANKED_SOLO_5x5,DIAMOND,I,ocGdJSWxVecpvWSn-S13TGNP9tdKZQ_vRPoHjPN5hf7nuPn7,Alphanias,85,15,9,False,False,False,True,3
f08e0de7-31d7-494e-add2-d46570d95d63,RANKED_SOLO_5x5,DIAMOND,I,xuBYmXC92eKZbicKQ1LTvBjYls0MhacQEjBhUOIJN-rAfHUc,Zacheditha,82,46,47,False,False,False,False,3
850e3362-1131-476b-a82b-6bbc239b1aad,RANKED_SOLO_5x5,DIAMOND,I,VQ7T5aB6kXoR3q1_zdhY-9JDC1Ni9fT0olaYYL8NJKOotG4n,birds go moo,20,23,12,False,False,False,False,3
171e5097-6ba5-4335-b991-7fba749b329e,RANKED_SOLO_5x5,DIAMOND,I,fZmI2kK8WJtz_IDFmZsuxukopcsIJSDvmygbR_d_0gviT2gi,NID MID KID,75,107,78,False,False,False,False,3
af31d1e7-6849-4db1-af14-4ff456209de4,RANKED_SOLO_5x5,DIAMOND,I,YoQJWietVXcsrdR7wFbp2G6acG_IulGlWhbr35RmzFVW0rjV,bowkuto,84,15,5,False,False,False,False,3
c7710005-cc6e-40b3-88b2-386ceb59cb9e,RANKED_SOLO_5x5,DIAMOND,I,jxrxCfF91go3QXoAXSFsf-g1pwP2Z8FAabyFmJAxCgxN-p0x,Zèd 99,98,24,20,False,False,False,True,3
e404959c-d0e7-4043-b7d9-4daa17e8eb3f,RANKED_SOLO_5x5,DIAMOND,I,Vctg7RdbqaQivNErgHwPakjfRLLTqRHRDAvDzZSeFNlHHOqf,demon 17,75,112,87,False,False,False,False,3
36b57655-387a-4ab6-b4d2-1152765d4f44,RANKED_SOLO_5x5,DIAMOND,I,dXd7cCHmvQblSkccDh0xX9G8IZ5JGYJ2nqgh8PajwEuW19V6,KR cooley,75,78,49,False,False,False,False,3
1c3bc95d-6fd7-4c8a-b07b-1e065738f07f,RANKED_SOLO_5x5,DIAMOND,I,3B5ioTWZwpc804I4YUw9PfqazrZoXnSwW30HP9tZ2VmWDorK,James Èarl Ray,79,67,71,False,False,False,False,3
0ea77195-60d5-47d9-a74c-de9e44264df7,RANKED_SOLO_5x5,DIAMOND,I,audH3T5qM23V3MP2XpBRX3jt9tJwphp1xite--adxf96JlBM,MaxiimusJr,40,103,94,False,False,True,False,3
bce263f6-0c15-4b64-84d6-9b6bc8c07093,RANKED_SOLO_5x5,DIAMOND,I,YDXWQPVGPH3KuFhDY-nARIIEkBMmqRvI8OCEjORVC5y2OCjj,Yxne diff,75,24,18,False,False,False,True,3
2ff54094-f491-4d3e-9752-e5606472ace5,RANKED_SOLO_5x5,DIAMOND,I,mEY8yD_AJFeaW8ATayaNWtn2S4kAVzrbxXMGA3AHrogcw5ri,Marbles27,20,108,115,False,False,False,False,3
765b6666-a0c6-4779-ad0c-5bd822b8417b,RANKED_SOLO_5x5,DIAMOND,I,0u2k2aOsHDIO6pyawrMfbbxJH1UhynvERf1xDtZVycUej0Jf,lil pxssy popper,36,41,49,False,False,False,False,3
af31d1e7-6849-4db1-af14-4ff456209de4,RANKED_SOLO_5x5,DIAMOND,I,XhO0CdVKf4iTJejwidUvUeE_lJYK5PluDAM7ygSACdpzcnFY,Therelemar,95,57,42,False,False,False,False,3
0f00f12a-49f0-492d-b85c-e95a1fe2872f,RANKED_SOLO_5x5,DIAMOND,I,cPUEFRnLlYcswj1Klxua5oo3Couwclv-uME0X3vzdw_12uSC,Nulnul,92,24,18,False,False,False,False,3
0ea77195-60d5-47d9-a74c-de9e44264df7,RANKED_SOLO_5x5,DIAMOND,I,k9VAw5qrPUqoMuT2rBUHobvz3jca_m3aEPFHadCvmgF-u8Jx,joker 1004,1,62,34,False,False,False,False,3
467eb0b5-4bbc-4bca-a52c-5c09fe350e30,RANKED_SOLO_5x5,DIAMOND,I,miTgAGt9etnkWIoopVrwjRS3pW02-K7O17TuQutVukJS5RLB,98765,51,67,68,False,False,False,False,3
118e9550-7d26-43ac-8a9c-3f861dd0c28c,RANKED_SOLO_5x5,DIAMOND,I,qnZBDUj34olTTLr9oYisLxyB1Y_xHj-EXYDYqnWL8avlVPMB,INFP player,75,64,46,False,False,True,False,3
467eb0b5-4bbc-4bca-a52c-5c09fe350e30,RANKED_SOLO_5x5,DIAMOND,I,uWcCK9rNGImUug69BMv25zpIevvVnkJriSUddGCu4J0NQL2R,Piccolo Daimaoh,0,38,32,False,False,False,False,3
683d3966-b680-48a6-869d-2c88612e5304,RANKED_SOLO_5x5,DIAMOND,I,0nxG4zcafCFg4zyTG1BpoGbIs9IvusM6LFEu3BVt7eKTTm84,fungusdungus,31,22,19,False,False,False,False,3
415b789a-6162-4e61-ac6f-f75cf9e27cca,RANKED_SOLO_5x5,DIAMOND,I,rBzEdUzMJO6Lc7aTxHgraYTbKmBcvXpFqzvqwKOj5MHzeuaa,ł ƒranex ł,32,23,19,False,False,False,False,3
a8bb02ef-c623-4ed4-acc8-30f6081c17e1,RANKED_SOLO_5x5,DIAMOND,I,UQW6fTXfu7H3XPVsa65Z3z5P4Z39JswMSSEJrSAbiZJk5Ekh,LP STEALER 77,0,69,47,False,False,False,False,3
481c9863-1d33-450c-8761-c3086693d00d,RANKED_SOLO_5x5,DIAMOND,I,sUHovzHHfC7bOlPpQBcpZoNsVQS7Vo9esGC6UJDmsXb2dUbJ,TAO CÂN 5,75,23,22,False,False,False,False,3
30d10b03-56da-474c-9226-bb3cff6b414f,RANKED_SOLO_5x5,DIAMOND,I,TfoeKJjJPcmuZ6bybIdB1LznZ1BaNl_v7HgZUPYhSj3qAKNU,ROCKET GENIUS,0,105,126,False,False,False,False,3
d5b38070-cbfa-4bff-a071-f9073d5359cc,RANKED_SOLO_5x5,DIAMOND,I,HH_zr0UCKCoe5Kkxjub8ZaCqOjG-muvKqYFikd8nkZbNs-yi,Entrancing,0,208,193,False,False,False,False,3
d37f4d43-a2db-4ab7-bad7-a99daed60962,RANKED_SOLO_5x5,DIAMOND,I,Jb--yA666rL844Fg8TmI_2qXaM-GDt9n0FIp0TKVaRcdzdzp,Exált,70,65,53,False,False,False,True,3
1d4cf31a-f058-45e5-ba42-4572bc6b0271,RANKED_SOLO_5x5,DIAMOND,I,bEsZO7IQJHMCfxD0hgYUwpqKrLA6Z_oRknV-HdsTpv2wXeaz,NavaBoss,0,142,147,False,False,False,False,3
9672a5e3-aed9-4977-a98c-ee2c0162ad20,RANKED_SOLO_5x5,DIAMOND,I,zJzT9PjbL8rERy8sxIq0cDKV6Z8LpETznN8Ey6KpsKbMAv0C,bixin CY,30,86,81,False,False,False,False,3
5fac2c45-a4ea-4d4c-bb3a-10f0ac8eecd5,RANKED_SOLO_5x5,DIAMOND,I,OEx5HQorckJ8ttNu_1lSwPNtZ0v6TAwLF8kALz7NZGwxh6Rc,Space Excalibur,15,23,23,False,False,False,False,3
e3ec7ae4-1bd5-4ad9-8c99-3d2e8e7e73da,RANKED_SOLO_5x5,DIAMOND,I,sd19cCSevJbUWYg306-b2j57WtNU_1tpGEx0e-hXiVRMm3cv,SeedJesus,75,45,33,False,False,False,False,3
f2c01771-a8eb-4427-abc3-964833a417ac,RANKED_SOLO_5x5,DIAMOND,I,etL6NuW-_-PaQdUpzkkdBLPhkmuK4WXwOKCuDfiBPoHlLA5p,yiquandabaodiqiu,0,29,37,False,False,True,False,3
74bcebee-bdc5-4985-bcbb-b73ce1160ed6,RANKED_SOLO_5x5,DIAMOND,I,4ilOgWNomkI4EzsaUSznOQLwWzl6TMrknPIZX6lXf-uAjsMF,El desgraciado,0,92,80,False,False,False,False,3
afe33145-b272-45ed-8fd6-5fb845c246a8,RANKED_SOLO_5x5,DIAMOND,I,GLhaO4vXLLlO-OXMxuWyDHCXAcrab2lgc5psuwhyIJrUbo95,ZacheryZZTOP,46,66,54,False,False,False,False,3
e404959c-d0e7-4043-b7d9-4daa17e8eb3f,RANKED_SOLO_5x5,DIAMOND,I,ydYid58jkPI2aAbertapLf_RPbMoQE-5a3kmiKccc6TW7N08,Giggle Nomster,86,44,23,False,False,False,True,3
f37c8eff-1740-4899-9922-035e03e8c68a,RANKED_SOLO_5x5,DIAMOND,I,Y7nhQ_qOSebStLNYnuf8MjsjPRq0BEE4QhSWugNPa_tKMl_h,scatparn 9,75,30,16,False,False,False,False,3
33f9e255-cdd5-4b38-9875-b0909dd7cfbe,RANKED_SOLO_5x5,DIAMOND,I,AiMekgTHc7EX0z9uzPvy9W4P9VGTzIaaA2AXHqvat_KcSXOX,Thróbs,75,28,16,False,False,False,True,3
b07a666f-f176-4383-b1b2-7c424aff9761,RANKED_SOLO_5x5,DIAMOND,I,lboN3yZACwIPxHF77EpTRSFMYsrE-f50gN8SDglYBn_6JDYt,Moiubiadan,99,29,28,False,False,False,False,3
e573b1df-0300-45cd-931e-d86b33bc33ef,RANKED_SOLO_5x5,DIAMOND,I,2M5mV6usUbtjPflZgK2MFLWhIrOgQrhcuaF1v0l7PzJbH0cB,Maelstorm,64,49,56,False,False,False,True,3
ee8ef765-b1d5-4187-9063-bf6a262c44ba,RANKED_SOLO_5x5,DIAMOND,I,6_EYQU4I0Q0HK00P5QKOpcgBqY5xGXzGOp9IqxIIg7oVvcoX,G2 Yiké,75,26,20,False,False,False,False,3
4cb6610c-cb3a-45f4-8972-f10061f3dfc1,RANKED_SOLO_5x5,DIAMOND,I,EKQC5_9XqN5nIvqOZLvkkqJ_gE8WBY3Tf-VRCs-KK_PK7qBZ,SkyTec,75,67,53,False,False,False,False,3
e4f02f36-0255-44f1-9b52-4701cadd9588,RANKED_SOLO_5x5,DIAMOND,I,R5K_S2KPilDwbf2B77pk-2WxyN_V7C9LmidAmE5c9-LP_Pcz,SeductiveFemb0y,0,42,21,False,False,False,False,3
faf8c8f3-4bc0-43cc-92fa-9b09575591de,RANKED_SOLO_5x5,DIAMOND,I,e7Nqf4uuq-wS1N71t2xDFzKYDnJUsUdx7MaI-pz3U3teST4R,meiyousiIu,20,32,25,False,False,False,False,3
7d733aea-c198-41e6-bd79-765c976016b2,RANKED_SOLO_5x5,DIAMOND,I,LNYsNyLAY-jlAMCIBEyRD2tp1ozl1s-SfXQqWz5iKB9AlLQR,InDiGlAnD,50,48,33,False,False,False,False,3
c00535c7-84bf-4267-88be-0619b725c927,RANKED_SOLO_5x5,DIAMOND,I,Nun3zvSHmGSRu2U_xBZKMlsvMTiyZeYVVnHchCenQ9rMUr5L,sleep in vc,0,52,42,False,False,False,False,3
5598cdf1-f00d-40c5-8106-032f44bbbfcd,RANKED_SOLO_5x5,DIAMOND,I,7fT8tKagqXRgNYFl98oBXxxDSJedVmAQE1bURT-O27-MXJZb,Worst Darius NA,21,36,29,False,False,False,False,3
11ddf2a9-958d-4652-a0d3-cd169e75d32e,RANKED_SOLO_5x5,DIAMOND,I,fsjtktOYdQBOdjqF_sgNRG1JV5uivK2txDg42PuPsVRdLB8k,top dream,19,106,122,False,False,False,True,3
cd71f759-54bc-45a8-8b85-edbc11fef82b,RANKED_SOLO_5x5,DIAMOND,I,yzoP94j7UoS7H1cm2Y25YXcOdmmXQelgAz8AU5-1uo9-5Pbo,The2ndSwordStyle,1,90,80,False,False,False,True,3
c7710005-cc6e-40b3-88b2-386ceb59cb9e,RANKED_SOLO_5x5,DIAMOND,I,neH6NQLYQxxoD-2DYBpfAHGkt5IR3vt6k-Tj8IHwwl7wb4pf,Evelynns ViJanna,26,46,36,False,False,False,False,3
